node_id,clay_pct,sand_pct,organic_matter,bulk_density
0,25.04967709885743,33.53551912568306,6.459513164431198,500.0
1,24.9768115942029,31.628985507246377,4.571014492753623,500.0
2,25.47648174623198,31.917067062858,4.0531457030994495,500.0
3,25.976151898261058,32.20514861846962,3.5352769134452755,500.0
4,26.475822050290137,32.49323017408124,3.0174081237911023,500.0
5,25.240303369642678,32.156902168380334,3.830474396823781,500.0
6,24.00478468899522,31.820574162679428,4.64354066985646,500.0
7,25.502392344497608,31.410287081339714,3.82177033492823,500.0
8,27.0,31.0,3.0,500.0
9,27.342659359676958,30.845255263916933,3.8152581482549754,500.0
10,27.685318719353916,30.690510527833865,4.630516296509951,500.0
11,25.402783146501744,31.21414766138384,2.6841901816776192,500.0
12,26.0,33.0,5.0,500.0
13,25.080246913580247,32.34320987654321,4.699999999999999,500.0
14,24.160493827160494,31.68641975308642,4.3999999999999995,500.0
15,25.950331125827812,31.524834437086092,2.7930463576158937,500.0
16,25.007246376811597,31.88949275362319,2.90036231884058,500.0
17,25.41220106650964,32.15580732489286,3.0054858998266107,500.0
18,25.81715575620768,32.42212189616253,3.1106094808126414,500.0
19,23.802197802197806,35.956043956043956,6.67032967032967,500.0
20,24.0,37.0,10.0,500.0
21,23.48888888888889,35.06666666666666,3.511111111111111,500.0
22,26.0,34.0,6.0,500.0
23,26.228571428571428,32.49285714285714,5.0,500.0
24,26.457142857142856,30.985714285714288,4.0,500.0
25,26.685714285714283,29.478571428571428,3.0,500.0
26,26.91428571428571,27.97142857142857,2.0,500.0
27,25.450000000000003,32.1,4.8500000000000005,500.0
28,25.225,32.03421052631579,3.4250000000000003,500.0
29,25.0,31.96842105263158,2.0,500.0
30,26.0,35.0,3.0,500.0
31,25.280135823429543,33.6723259762309,8.35823429541596,500.0
32,23.416452442159386,35.07969151670952,5.989717223650386,500.0
33,23.438144329896907,37.14432989690721,5.154639175257731,500.0
34,24.757207758168796,33.11030054167394,4.577319587628866,500.0
35,26.07627118644068,29.076271186440678,4.0,500.0
36,26.464964861513025,30.172281934683753,3.6707317073170733,500.0
37,26.853658536585368,31.26829268292683,3.3414634146341466,500.0
38,25.636792452830186,35.85377358490566,6.1226415094339615,500.0
39,25.0,33.0,4.0,500.0
40,25.793010752688172,34.02956989247311,2.9086021505376345,500.0
41,26.077190734599537,32.38394382474122,2.6599085519043313,500.0
42,26.3613707165109,30.73831775700934,2.411214953271028,500.0
43,24.907580477673935,31.492211838006227,3.2741433021806854,500.0
44,23.453790238836966,32.246105919003114,4.137071651090343,500.0
45,22.0,33.0,5.0,500.0
46,23.17515923566879,37.828025477707,2.8726114649681525,500.0
47,23.97150818926297,35.1718252388535,2.905055732484076,500.0
48,24.767857142857146,32.51562500000001,2.9374999999999996,500.0
49,24.973408619796167,31.822504156590092,3.37564238210399,500.0
50,25.178960096735192,31.129383313180174,3.81378476420798,500.0
51,22.742049469964662,40.869257950530034,7.812720848056536,500.0
52,27.803738317757006,33.401869158878505,4.158878504672897,500.0
53,27.682051282051283,33.92307692307692,4.630769230769231,500.0
54,23.4,30.0,2.0,500.0
55,25.732860520094565,33.74704491725769,3.267139479905438,500.0
56,22.0,46.0,5.0,500.0
57,24.696,36.29599999999999,6.52,500.0
58,27.147435897435898,30.403846153846153,7.147435897435898,500.0
59,25.0,31.0,2.666666666666667,500.0
60,26.28205128205128,33.717948717948715,2.3589743589743586,500.0
61,26.223021582733818,31.44964028776979,3.0755395683453237,500.0
62,23.61327561327562,35.494949494949495,4.894660894660895,500.0
63,24.143512724238633,39.146433041301634,11.629536921151441,500.0
64,24.647219690063807,38.924339106654514,10.039653600729263,500.0
65,24.0,41.0,10.0,500.0
66,25.599999999999998,29.599999999999994,2.7999999999999994,500.0
67,25.477941176470587,33.8235294117647,4.599264705882352,500.0
68,26.44642857142857,29.660714285714285,3.142857142857143,500.0
69,25.17952496532594,32.602201803051315,4.527739251040222,500.0
70,23.912621359223305,35.54368932038835,5.9126213592233015,500.0
71,24.456310679611654,32.33184466019418,3.9629773462783175,500.0
72,25.0,29.119999999999997,2.013333333333333,500.0
73,24.946188340807176,37.026905829596416,4.439461883408072,500.0
74,25.32580961727183,34.60157016683023,3.3091265947006865,500.0
75,26.005134788189984,31.083440308087294,5.780487804878049,500.0
76,25.311415525114157,28.831963470319636,2.4027397260273977,500.0
77,25.0,31.0,5.0,500.0
78,25.0,37.0,8.0,500.0
79,24.825567502986857,36.333333333333336,6.9557945041816005,500.0
80,24.651135005973718,35.666666666666664,5.911589008363201,500.0
81,24.476702508960575,35.0,4.867383512544802,500.0
82,25.0,34.0,9.0,500.0
83,26.124137931034486,26.475862068965515,3.1241379310344826,500.0
84,25.0,36.0,7.9696048632218845,500.0
85,27.0,27.54794520547945,4.397260273972603,500.0
86,26.182377049180328,29.028070963395464,4.6914580058387605,500.0
87,25.364754098360656,30.508196721311474,4.985655737704918,500.0
88,24.614828209764923,32.37613019891501,4.844484629294756,500.0
89,26.560000000000002,33.128888888888895,3.0000000000000004,500.0
90,25.0,38.0,9.0,500.0
91,25.0,32.0,2.210526315789474,500.0
92,24.71167883211679,33.84306569343066,3.0778908951210147,500.0
93,24.423357664233578,35.68613138686131,3.945255474452555,500.0
94,23.067796610169495,37.67372881355932,3.5677966101694922,500.0
95,24.68443197755961,36.490883590462836,4.5918653576437585,500.0
96,24.444460377807232,35.775990423660346,4.426855372088712,500.0
97,24.20448877805486,35.061097256857856,4.261845386533666,500.0
98,24.709956709956714,33.24242424242425,5.194805194805194,500.0
99,24.709956709956714,33.24242424242425,5.194805194805194,500.0
100,24.709956709956714,33.24242424242425,5.194805194805194,500.0
101,24.709956709956714,33.24242424242425,5.194805194805194,500.0
102,24.709956709956714,33.24242424242425,5.194805194805194,500.0
103,24.709956709956714,33.24242424242425,5.194805194805194,500.0
104,24.709956709956714,33.24242424242425,5.194805194805194,500.0
105,24.709956709956714,33.24242424242425,5.194805194805194,500.0
106,24.709956709956714,33.24242424242425,5.194805194805194,500.0
107,24.709956709956714,33.24242424242425,5.194805194805194,500.0
108,24.709956709956714,33.24242424242425,5.194805194805194,500.0
109,24.709956709956714,33.24242424242425,5.194805194805194,500.0
110,24.709956709956714,33.24242424242425,5.194805194805194,500.0
111,24.709956709956714,33.24242424242425,5.194805194805194,500.0
112,24.709956709956714,33.24242424242425,5.194805194805194,500.0
113,24.709956709956714,33.24242424242425,5.194805194805194,500.0
114,24.709956709956714,33.24242424242425,5.194805194805194,500.0
115,24.709956709956714,33.24242424242425,5.194805194805194,500.0
116,24.709956709956714,33.24242424242425,5.194805194805194,500.0
117,24.709956709956714,33.24242424242425,5.194805194805194,500.0
118,24.709956709956714,33.24242424242425,5.194805194805194,500.0
119,24.709956709956714,33.24242424242425,5.194805194805194,500.0
120,24.709956709956714,33.24242424242425,5.194805194805194,500.0
121,24.709956709956714,33.24242424242425,5.194805194805194,500.0
122,24.709956709956714,33.24242424242425,5.194805194805194,500.0
123,24.709956709956714,33.24242424242425,5.194805194805194,500.0
124,24.709956709956714,33.24242424242425,5.194805194805194,500.0
125,24.709956709956714,33.24242424242425,5.194805194805194,500.0
126,24.709956709956714,33.24242424242425,5.194805194805194,500.0
127,24.709956709956714,33.24242424242425,5.194805194805194,500.0
128,24.709956709956714,33.24242424242425,5.194805194805194,500.0
129,24.709956709956714,33.24242424242425,5.194805194805194,500.0
130,24.709956709956714,33.24242424242425,5.194805194805194,500.0
131,24.709956709956714,33.24242424242425,5.194805194805194,500.0
132,24.709956709956714,33.24242424242425,5.194805194805194,500.0
133,24.709956709956714,33.24242424242425,5.194805194805194,500.0
134,24.709956709956714,33.24242424242425,5.194805194805194,500.0
135,24.709956709956714,33.24242424242425,5.194805194805194,500.0
136,24.709956709956714,33.24242424242425,5.194805194805194,500.0
137,24.709956709956714,33.24242424242425,5.194805194805194,500.0
138,24.709956709956714,33.24242424242425,5.194805194805194,500.0
139,24.709956709956714,33.24242424242425,5.194805194805194,500.0
140,24.709956709956714,33.24242424242425,5.194805194805194,500.0
141,24.709956709956714,33.24242424242425,5.194805194805194,500.0
142,24.709956709956714,33.24242424242425,5.194805194805194,500.0
143,24.709956709956714,33.24242424242425,5.194805194805194,500.0
144,24.709956709956714,33.24242424242425,5.194805194805194,500.0
145,24.709956709956714,33.24242424242425,5.194805194805194,500.0
146,24.709956709956714,33.24242424242425,5.194805194805194,500.0
147,24.709956709956714,33.24242424242425,5.194805194805194,500.0
148,24.709956709956714,33.24242424242425,5.194805194805194,500.0
149,24.709956709956714,33.24242424242425,5.194805194805194,500.0
150,24.709956709956714,33.24242424242425,5.194805194805194,500.0
151,24.709956709956714,33.24242424242425,5.194805194805194,500.0
152,24.709956709956714,33.24242424242425,5.194805194805194,500.0
153,24.709956709956714,33.24242424242425,5.194805194805194,500.0
154,24.709956709956714,33.24242424242425,5.194805194805194,500.0
155,24.709956709956714,33.24242424242425,5.194805194805194,500.0
156,24.709956709956714,33.24242424242425,5.194805194805194,500.0
157,24.709956709956714,33.24242424242425,5.194805194805194,500.0
158,24.709956709956714,33.24242424242425,5.194805194805194,500.0
159,24.709956709956714,33.24242424242425,5.194805194805194,500.0
160,24.709956709956714,33.24242424242425,5.194805194805194,500.0
161,24.709956709956714,33.24242424242425,5.194805194805194,500.0
162,24.709956709956714,33.24242424242425,5.194805194805194,500.0
163,24.709956709956714,33.24242424242425,5.194805194805194,500.0
164,24.709956709956714,33.24242424242425,5.194805194805194,500.0
165,24.709956709956714,33.24242424242425,5.194805194805194,500.0
166,24.709956709956714,33.24242424242425,5.194805194805194,500.0
167,24.709956709956714,33.24242424242425,5.194805194805194,500.0
168,24.709956709956714,33.24242424242425,5.194805194805194,500.0
169,24.709956709956714,33.24242424242425,5.194805194805194,500.0
170,24.709956709956714,33.24242424242425,5.194805194805194,500.0
171,24.709956709956714,33.24242424242425,5.194805194805194,500.0
172,24.709956709956714,33.24242424242425,5.194805194805194,500.0
173,24.709956709956714,33.24242424242425,5.194805194805194,500.0
174,24.709956709956714,33.24242424242425,5.194805194805194,500.0
175,24.709956709956714,33.24242424242425,5.194805194805194,500.0
176,24.709956709956714,33.24242424242425,5.194805194805194,500.0
177,24.709956709956714,33.24242424242425,5.194805194805194,500.0
178,24.709956709956714,33.24242424242425,5.194805194805194,500.0
179,24.709956709956714,33.24242424242425,5.194805194805194,500.0
180,24.709956709956714,33.24242424242425,5.194805194805194,500.0
181,24.709956709956714,33.24242424242425,5.194805194805194,500.0
182,24.709956709956714,33.24242424242425,5.194805194805194,500.0
183,24.709956709956714,33.24242424242425,5.194805194805194,500.0
184,24.709956709956714,33.24242424242425,5.194805194805194,500.0
185,24.709956709956714,33.24242424242425,5.194805194805194,500.0
186,24.709956709956714,33.24242424242425,5.194805194805194,500.0
187,24.709956709956714,33.24242424242425,5.194805194805194,500.0
188,24.709956709956714,33.24242424242425,5.194805194805194,500.0
189,24.709956709956714,33.24242424242425,5.194805194805194,500.0
190,24.709956709956714,33.24242424242425,5.194805194805194,500.0
191,24.709956709956714,33.24242424242425,5.194805194805194,500.0
192,24.709956709956714,33.24242424242425,5.194805194805194,500.0
193,24.709956709956714,33.24242424242425,5.194805194805194,500.0
194,24.709956709956714,33.24242424242425,5.194805194805194,500.0
195,24.709956709956714,33.24242424242425,5.194805194805194,500.0
196,24.709956709956714,33.24242424242425,5.194805194805194,500.0
197,24.709956709956714,33.24242424242425,5.194805194805194,500.0
198,24.709956709956714,33.24242424242425,5.194805194805194,500.0
199,24.709956709956714,33.24242424242425,5.194805194805194,500.0
200,24.709956709956714,33.24242424242425,5.194805194805194,500.0
201,24.709956709956714,33.24242424242425,5.194805194805194,500.0
202,24.709956709956714,33.24242424242425,5.194805194805194,500.0
203,24.709956709956714,33.24242424242425,5.194805194805194,500.0
204,24.709956709956714,33.24242424242425,5.194805194805194,500.0
205,24.709956709956714,33.24242424242425,5.194805194805194,500.0
206,24.709956709956714,33.24242424242425,5.194805194805194,500.0
207,24.709956709956714,33.24242424242425,5.194805194805194,500.0
208,24.709956709956714,33.24242424242425,5.194805194805194,500.0
209,24.709956709956714,33.24242424242425,5.194805194805194,500.0
210,24.709956709956714,33.24242424242425,5.194805194805194,500.0
211,24.709956709956714,33.24242424242425,5.194805194805194,500.0
212,24.709956709956714,33.24242424242425,5.194805194805194,500.0
213,24.709956709956714,33.24242424242425,5.194805194805194,500.0
214,24.709956709956714,33.24242424242425,5.194805194805194,500.0
215,24.709956709956714,33.24242424242425,5.194805194805194,500.0
216,24.709956709956714,33.24242424242425,5.194805194805194,500.0
217,24.709956709956714,33.24242424242425,5.194805194805194,500.0
218,24.709956709956714,33.24242424242425,5.194805194805194,500.0
219,24.709956709956714,33.24242424242425,5.194805194805194,500.0
220,24.709956709956714,33.24242424242425,5.194805194805194,500.0
221,24.709956709956714,33.24242424242425,5.194805194805194,500.0
222,24.709956709956714,33.24242424242425,5.194805194805194,500.0
223,24.709956709956714,33.24242424242425,5.194805194805194,500.0
224,24.709956709956714,33.24242424242425,5.194805194805194,500.0
225,24.709956709956714,33.24242424242425,5.194805194805194,500.0
226,24.709956709956714,33.24242424242425,5.194805194805194,500.0
227,24.709956709956714,33.24242424242425,5.194805194805194,500.0
228,24.709956709956714,33.24242424242425,5.194805194805194,500.0
229,24.709956709956714,33.24242424242425,5.194805194805194,500.0
230,24.709956709956714,33.24242424242425,5.194805194805194,500.0
231,24.709956709956714,33.24242424242425,5.194805194805194,500.0
232,24.709956709956714,33.24242424242425,5.194805194805194,500.0
233,24.709956709956714,33.24242424242425,5.194805194805194,500.0
234,24.709956709956714,33.24242424242425,5.194805194805194,500.0
235,24.709956709956714,33.24242424242425,5.194805194805194,500.0
236,24.709956709956714,33.24242424242425,5.194805194805194,500.0
237,24.709956709956714,33.24242424242425,5.194805194805194,500.0
238,24.709956709956714,33.24242424242425,5.194805194805194,500.0
239,24.709956709956714,33.24242424242425,5.194805194805194,500.0
240,24.709956709956714,33.24242424242425,5.194805194805194,500.0
241,24.709956709956714,33.24242424242425,5.194805194805194,500.0
242,24.709956709956714,33.24242424242425,5.194805194805194,500.0
243,24.709956709956714,33.24242424242425,5.194805194805194,500.0
244,24.709956709956714,33.24242424242425,5.194805194805194,500.0
245,24.709956709956714,33.24242424242425,5.194805194805194,500.0
246,24.709956709956714,33.24242424242425,5.194805194805194,500.0
247,24.709956709956714,33.24242424242425,5.194805194805194,500.0
248,24.709956709956714,33.24242424242425,5.194805194805194,500.0
249,24.709956709956714,33.24242424242425,5.194805194805194,500.0
250,24.709956709956714,33.24242424242425,5.194805194805194,500.0
251,24.709956709956714,33.24242424242425,5.194805194805194,500.0
252,24.709956709956714,33.24242424242425,5.194805194805194,500.0
253,24.709956709956714,33.24242424242425,5.194805194805194,500.0
254,24.709956709956714,33.24242424242425,5.194805194805194,500.0
255,24.709956709956714,33.24242424242425,5.194805194805194,500.0
256,24.709956709956714,33.24242424242425,5.194805194805194,500.0
257,24.709956709956714,33.24242424242425,5.194805194805194,500.0
258,24.709956709956714,33.24242424242425,5.194805194805194,500.0
259,24.709956709956714,33.24242424242425,5.194805194805194,500.0
260,24.709956709956714,33.24242424242425,5.194805194805194,500.0
261,24.709956709956714,33.24242424242425,5.194805194805194,500.0
262,24.709956709956714,33.24242424242425,5.194805194805194,500.0
263,24.709956709956714,33.24242424242425,5.194805194805194,500.0
264,24.709956709956714,33.24242424242425,5.194805194805194,500.0
265,24.709956709956714,33.24242424242425,5.194805194805194,500.0
266,24.709956709956714,33.24242424242425,5.194805194805194,500.0
267,24.709956709956714,33.24242424242425,5.194805194805194,500.0
268,24.709956709956714,33.24242424242425,5.194805194805194,500.0
269,24.709956709956714,33.24242424242425,5.194805194805194,500.0
270,24.709956709956714,33.24242424242425,5.194805194805194,500.0
271,24.709956709956714,33.24242424242425,5.194805194805194,500.0
272,24.709956709956714,33.24242424242425,5.194805194805194,500.0
273,24.709956709956714,33.24242424242425,5.194805194805194,500.0
274,24.709956709956714,33.24242424242425,5.194805194805194,500.0
275,24.709956709956714,33.24242424242425,5.194805194805194,500.0
276,24.709956709956714,33.24242424242425,5.194805194805194,500.0
277,24.709956709956714,33.24242424242425,5.194805194805194,500.0
278,24.709956709956714,33.24242424242425,5.194805194805194,500.0
279,24.709956709956714,33.24242424242425,5.194805194805194,500.0
280,24.709956709956714,33.24242424242425,5.194805194805194,500.0
281,24.709956709956714,33.24242424242425,5.194805194805194,500.0
282,24.709956709956714,33.24242424242425,5.194805194805194,500.0
283,24.709956709956714,33.24242424242425,5.194805194805194,500.0
284,24.709956709956714,33.24242424242425,5.194805194805194,500.0
285,24.709956709956714,33.24242424242425,5.194805194805194,500.0
286,24.709956709956714,33.24242424242425,5.194805194805194,500.0
287,24.709956709956714,33.24242424242425,5.194805194805194,500.0
288,24.709956709956714,33.24242424242425,5.194805194805194,500.0
289,24.709956709956714,33.24242424242425,5.194805194805194,500.0
290,24.709956709956714,33.24242424242425,5.194805194805194,500.0
291,24.709956709956714,33.24242424242425,5.194805194805194,500.0
292,24.709956709956714,33.24242424242425,5.194805194805194,500.0
293,24.709956709956714,33.24242424242425,5.194805194805194,500.0
294,24.709956709956714,33.24242424242425,5.194805194805194,500.0
295,24.709956709956714,33.24242424242425,5.194805194805194,500.0
296,24.709956709956714,33.24242424242425,5.194805194805194,500.0
297,24.709956709956714,33.24242424242425,5.194805194805194,500.0
298,24.709956709956714,33.24242424242425,5.194805194805194,500.0
299,24.709956709956714,33.24242424242425,5.194805194805194,500.0
300,24.709956709956714,33.24242424242425,5.194805194805194,500.0
301,24.709956709956714,33.24242424242425,5.194805194805194,500.0
302,24.709956709956714,33.24242424242425,5.194805194805194,500.0
303,24.709956709956714,33.24242424242425,5.194805194805194,500.0
304,24.709956709956714,33.24242424242425,5.194805194805194,500.0
305,24.709956709956714,33.24242424242425,5.194805194805194,500.0
306,24.709956709956714,33.24242424242425,5.194805194805194,500.0
307,24.709956709956714,33.24242424242425,5.194805194805194,500.0
308,24.709956709956714,33.24242424242425,5.194805194805194,500.0
309,24.709956709956714,33.24242424242425,5.194805194805194,500.0
310,24.709956709956714,33.24242424242425,5.194805194805194,500.0
311,24.709956709956714,33.24242424242425,5.194805194805194,500.0
312,24.709956709956714,33.24242424242425,5.194805194805194,500.0
313,24.709956709956714,33.24242424242425,5.194805194805194,500.0
314,24.709956709956714,33.24242424242425,5.194805194805194,500.0
315,24.709956709956714,33.24242424242425,5.194805194805194,500.0
316,24.709956709956714,33.24242424242425,5.194805194805194,500.0
317,24.709956709956714,33.24242424242425,5.194805194805194,500.0
318,24.709956709956714,33.24242424242425,5.194805194805194,500.0
319,24.709956709956714,33.24242424242425,5.194805194805194,500.0
320,24.709956709956714,33.24242424242425,5.194805194805194,500.0
321,24.709956709956714,33.24242424242425,5.194805194805194,500.0
322,24.709956709956714,33.24242424242425,5.194805194805194,500.0
323,24.709956709956714,33.24242424242425,5.194805194805194,500.0
324,24.709956709956714,33.24242424242425,5.194805194805194,500.0
325,24.709956709956714,33.24242424242425,5.194805194805194,500.0
326,24.709956709956714,33.24242424242425,5.194805194805194,500.0
327,24.709956709956714,33.24242424242425,5.194805194805194,500.0
328,24.709956709956714,33.24242424242425,5.194805194805194,500.0
329,24.709956709956714,33.24242424242425,5.194805194805194,500.0
330,24.709956709956714,33.24242424242425,5.194805194805194,500.0
331,24.709956709956714,33.24242424242425,5.194805194805194,500.0
332,24.709956709956714,33.24242424242425,5.194805194805194,500.0
333,24.709956709956714,33.24242424242425,5.194805194805194,500.0
334,24.709956709956714,33.24242424242425,5.194805194805194,500.0
335,24.709956709956714,33.24242424242425,5.194805194805194,500.0
336,24.709956709956714,33.24242424242425,5.194805194805194,500.0
337,24.709956709956714,33.24242424242425,5.194805194805194,500.0
338,24.709956709956714,33.24242424242425,5.194805194805194,500.0
339,24.709956709956714,33.24242424242425,5.194805194805194,500.0
340,24.709956709956714,33.24242424242425,5.194805194805194,500.0
341,24.709956709956714,33.24242424242425,5.194805194805194,500.0
342,24.709956709956714,33.24242424242425,5.194805194805194,500.0
343,24.709956709956714,33.24242424242425,5.194805194805194,500.0
344,24.709956709956714,33.24242424242425,5.194805194805194,500.0
345,24.709956709956714,33.24242424242425,5.194805194805194,500.0
346,24.709956709956714,33.24242424242425,5.194805194805194,500.0
347,24.709956709956714,33.24242424242425,5.194805194805194,500.0
348,24.709956709956714,33.24242424242425,5.194805194805194,500.0
349,24.709956709956714,33.24242424242425,5.194805194805194,500.0
350,24.709956709956714,33.24242424242425,5.194805194805194,500.0
351,24.709956709956714,33.24242424242425,5.194805194805194,500.0
352,24.709956709956714,33.24242424242425,5.194805194805194,500.0
353,24.709956709956714,33.24242424242425,5.194805194805194,500.0
354,24.709956709956714,33.24242424242425,5.194805194805194,500.0
355,24.709956709956714,33.24242424242425,5.194805194805194,500.0
356,24.709956709956714,33.24242424242425,5.194805194805194,500.0
357,24.709956709956714,33.24242424242425,5.194805194805194,500.0
358,24.709956709956714,33.24242424242425,5.194805194805194,500.0
359,24.709956709956714,33.24242424242425,5.194805194805194,500.0
360,24.709956709956714,33.24242424242425,5.194805194805194,500.0
361,24.709956709956714,33.24242424242425,5.194805194805194,500.0
362,24.709956709956714,33.24242424242425,5.194805194805194,500.0
363,24.709956709956714,33.24242424242425,5.194805194805194,500.0
364,24.709956709956714,33.24242424242425,5.194805194805194,500.0
365,24.709956709956714,33.24242424242425,5.194805194805194,500.0
366,24.709956709956714,33.24242424242425,5.194805194805194,500.0
367,24.709956709956714,33.24242424242425,5.194805194805194,500.0
368,24.709956709956714,33.24242424242425,5.194805194805194,500.0
369,24.709956709956714,33.24242424242425,5.194805194805194,500.0
370,24.709956709956714,33.24242424242425,5.194805194805194,500.0
371,24.709956709956714,33.24242424242425,5.194805194805194,500.0
372,24.709956709956714,33.24242424242425,5.194805194805194,500.0
373,24.709956709956714,33.24242424242425,5.194805194805194,500.0
374,24.709956709956714,33.24242424242425,5.194805194805194,500.0
375,24.709956709956714,33.24242424242425,5.194805194805194,500.0
376,24.709956709956714,33.24242424242425,5.194805194805194,500.0
377,24.709956709956714,33.24242424242425,5.194805194805194,500.0
378,24.709956709956714,33.24242424242425,5.194805194805194,500.0
379,24.709956709956714,33.24242424242425,5.194805194805194,500.0
380,24.709956709956714,33.24242424242425,5.194805194805194,500.0
381,24.709956709956714,33.24242424242425,5.194805194805194,500.0
382,24.709956709956714,33.24242424242425,5.194805194805194,500.0
383,24.709956709956714,33.24242424242425,5.194805194805194,500.0
384,24.709956709956714,33.24242424242425,5.194805194805194,500.0
385,24.709956709956714,33.24242424242425,5.194805194805194,500.0
386,24.709956709956714,33.24242424242425,5.194805194805194,500.0
387,24.709956709956714,33.24242424242425,5.194805194805194,500.0
388,24.709956709956714,33.24242424242425,5.194805194805194,500.0
389,24.709956709956714,33.24242424242425,5.194805194805194,500.0
390,24.709956709956714,33.24242424242425,5.194805194805194,500.0
391,24.709956709956714,33.24242424242425,5.194805194805194,500.0
392,24.709956709956714,33.24242424242425,5.194805194805194,500.0
393,24.709956709956714,33.24242424242425,5.194805194805194,500.0
394,24.709956709956714,33.24242424242425,5.194805194805194,500.0
395,24.709956709956714,33.24242424242425,5.194805194805194,500.0
396,24.709956709956714,33.24242424242425,5.194805194805194,500.0
397,24.709956709956714,33.24242424242425,5.194805194805194,500.0
398,24.709956709956714,33.24242424242425,5.194805194805194,500.0
399,24.709956709956714,33.24242424242425,5.194805194805194,500.0
400,24.709956709956714,33.24242424242425,5.194805194805194,500.0
401,24.709956709956714,33.24242424242425,5.194805194805194,500.0
402,24.709956709956714,33.24242424242425,5.194805194805194,500.0
403,24.709956709956714,33.24242424242425,5.194805194805194,500.0
404,24.709956709956714,33.24242424242425,5.194805194805194,500.0
405,24.709956709956714,33.24242424242425,5.194805194805194,500.0
406,24.709956709956714,33.24242424242425,5.194805194805194,500.0
407,24.709956709956714,33.24242424242425,5.194805194805194,500.0
408,24.709956709956714,33.24242424242425,5.194805194805194,500.0
409,24.709956709956714,33.24242424242425,5.194805194805194,500.0
410,24.709956709956714,33.24242424242425,5.194805194805194,500.0
411,24.709956709956714,33.24242424242425,5.194805194805194,500.0
412,24.709956709956714,33.24242424242425,5.194805194805194,500.0
413,24.709956709956714,33.24242424242425,5.194805194805194,500.0
414,24.709956709956714,33.24242424242425,5.194805194805194,500.0
415,24.709956709956714,33.24242424242425,5.194805194805194,500.0
416,24.709956709956714,33.24242424242425,5.194805194805194,500.0
417,24.709956709956714,33.24242424242425,5.194805194805194,500.0
418,24.709956709956714,33.24242424242425,5.194805194805194,500.0
419,24.709956709956714,33.24242424242425,5.194805194805194,500.0
420,24.709956709956714,33.24242424242425,5.194805194805194,500.0
421,24.709956709956714,33.24242424242425,5.194805194805194,500.0
422,24.709956709956714,33.24242424242425,5.194805194805194,500.0
423,24.709956709956714,33.24242424242425,5.194805194805194,500.0
424,24.709956709956714,33.24242424242425,5.194805194805194,500.0
425,24.709956709956714,33.24242424242425,5.194805194805194,500.0
426,24.709956709956714,33.24242424242425,5.194805194805194,500.0
427,24.709956709956714,33.24242424242425,5.194805194805194,500.0
428,24.709956709956714,33.24242424242425,5.194805194805194,500.0
429,24.709956709956714,33.24242424242425,5.194805194805194,500.0
430,24.709956709956714,33.24242424242425,5.194805194805194,500.0
431,24.709956709956714,33.24242424242425,5.194805194805194,500.0
432,24.709956709956714,33.24242424242425,5.194805194805194,500.0
433,24.709956709956714,33.24242424242425,5.194805194805194,500.0
434,24.709956709956714,33.24242424242425,5.194805194805194,500.0
435,24.709956709956714,33.24242424242425,5.194805194805194,500.0
436,24.709956709956714,33.24242424242425,5.194805194805194,500.0
437,24.709956709956714,33.24242424242425,5.194805194805194,500.0
438,24.709956709956714,33.24242424242425,5.194805194805194,500.0
439,24.709956709956714,33.24242424242425,5.194805194805194,500.0
440,24.709956709956714,33.24242424242425,5.194805194805194,500.0
441,24.709956709956714,33.24242424242425,5.194805194805194,500.0
442,24.709956709956714,33.24242424242425,5.194805194805194,500.0
443,24.709956709956714,33.24242424242425,5.194805194805194,500.0
444,24.709956709956714,33.24242424242425,5.194805194805194,500.0
445,24.709956709956714,33.24242424242425,5.194805194805194,500.0
446,24.709956709956714,33.24242424242425,5.194805194805194,500.0
447,24.709956709956714,33.24242424242425,5.194805194805194,500.0
448,24.709956709956714,33.24242424242425,5.194805194805194,500.0
449,24.709956709956714,33.24242424242425,5.194805194805194,500.0
450,24.709956709956714,33.24242424242425,5.194805194805194,500.0
451,24.709956709956714,33.24242424242425,5.194805194805194,500.0
452,24.709956709956714,33.24242424242425,5.194805194805194,500.0
453,24.709956709956714,33.24242424242425,5.194805194805194,500.0
454,24.709956709956714,33.24242424242425,5.194805194805194,500.0
455,24.709956709956714,33.24242424242425,5.194805194805194,500.0
456,24.709956709956714,33.24242424242425,5.194805194805194,500.0
457,24.709956709956714,33.24242424242425,5.194805194805194,500.0
458,24.709956709956714,33.24242424242425,5.194805194805194,500.0
459,24.709956709956714,33.24242424242425,5.194805194805194,500.0
460,24.709956709956714,33.24242424242425,5.194805194805194,500.0
461,24.709956709956714,33.24242424242425,5.194805194805194,500.0
462,24.709956709956714,33.24242424242425,5.194805194805194,500.0
463,24.709956709956714,33.24242424242425,5.194805194805194,500.0
464,24.709956709956714,33.24242424242425,5.194805194805194,500.0
465,24.709956709956714,33.24242424242425,5.194805194805194,500.0
466,24.709956709956714,33.24242424242425,5.194805194805194,500.0
467,24.709956709956714,33.24242424242425,5.194805194805194,500.0
468,24.709956709956714,33.24242424242425,5.194805194805194,500.0
469,24.709956709956714,33.24242424242425,5.194805194805194,500.0
470,24.709956709956714,33.24242424242425,5.194805194805194,500.0
471,24.709956709956714,33.24242424242425,5.194805194805194,500.0
472,24.709956709956714,33.24242424242425,5.194805194805194,500.0
473,24.709956709956714,33.24242424242425,5.194805194805194,500.0
474,24.709956709956714,33.24242424242425,5.194805194805194,500.0
475,24.709956709956714,33.24242424242425,5.194805194805194,500.0
476,24.709956709956714,33.24242424242425,5.194805194805194,500.0
477,24.709956709956714,33.24242424242425,5.194805194805194,500.0
478,24.709956709956714,33.24242424242425,5.194805194805194,500.0
479,24.709956709956714,33.24242424242425,5.194805194805194,500.0
480,24.709956709956714,33.24242424242425,5.194805194805194,500.0
481,24.709956709956714,33.24242424242425,5.194805194805194,500.0
482,24.709956709956714,33.24242424242425,5.194805194805194,500.0
483,24.709956709956714,33.24242424242425,5.194805194805194,500.0
484,24.709956709956714,33.24242424242425,5.194805194805194,500.0
485,24.709956709956714,33.24242424242425,5.194805194805194,500.0
486,24.709956709956714,33.24242424242425,5.194805194805194,500.0
487,24.709956709956714,33.24242424242425,5.194805194805194,500.0
488,24.709956709956714,33.24242424242425,5.194805194805194,500.0
489,24.709956709956714,33.24242424242425,5.194805194805194,500.0
490,24.709956709956714,33.24242424242425,5.194805194805194,500.0
491,24.709956709956714,33.24242424242425,5.194805194805194,500.0
492,24.709956709956714,33.24242424242425,5.194805194805194,500.0
493,24.709956709956714,33.24242424242425,5.194805194805194,500.0
494,24.709956709956714,33.24242424242425,5.194805194805194,500.0
495,24.709956709956714,33.24242424242425,5.194805194805194,500.0
496,24.709956709956714,33.24242424242425,5.194805194805194,500.0
497,24.709956709956714,33.24242424242425,5.194805194805194,500.0
498,24.709956709956714,33.24242424242425,5.194805194805194,500.0
499,24.709956709956714,33.24242424242425,5.194805194805194,500.0
500,24.709956709956714,33.24242424242425,5.194805194805194,500.0
501,24.709956709956714,33.24242424242425,5.194805194805194,500.0
502,24.709956709956714,33.24242424242425,5.194805194805194,500.0
503,24.709956709956714,33.24242424242425,5.194805194805194,500.0
504,24.709956709956714,33.24242424242425,5.194805194805194,500.0
505,24.709956709956714,33.24242424242425,5.194805194805194,500.0
506,24.709956709956714,33.24242424242425,5.194805194805194,500.0
507,24.709956709956714,33.24242424242425,5.194805194805194,500.0
508,24.709956709956714,33.24242424242425,5.194805194805194,500.0
509,24.709956709956714,33.24242424242425,5.194805194805194,500.0
510,24.709956709956714,33.24242424242425,5.194805194805194,500.0
511,24.709956709956714,33.24242424242425,5.194805194805194,500.0
512,24.709956709956714,33.24242424242425,5.194805194805194,500.0
513,24.709956709956714,33.24242424242425,5.194805194805194,500.0
514,24.709956709956714,33.24242424242425,5.194805194805194,500.0
515,24.709956709956714,33.24242424242425,5.194805194805194,500.0
516,24.709956709956714,33.24242424242425,5.194805194805194,500.0
517,24.709956709956714,33.24242424242425,5.194805194805194,500.0
518,24.709956709956714,33.24242424242425,5.194805194805194,500.0
519,24.709956709956714,33.24242424242425,5.194805194805194,500.0
520,24.709956709956714,33.24242424242425,5.194805194805194,500.0
521,24.709956709956714,33.24242424242425,5.194805194805194,500.0
522,24.709956709956714,33.24242424242425,5.194805194805194,500.0
523,24.709956709956714,33.24242424242425,5.194805194805194,500.0
524,24.709956709956714,33.24242424242425,5.194805194805194,500.0
525,24.709956709956714,33.24242424242425,5.194805194805194,500.0
526,24.709956709956714,33.24242424242425,5.194805194805194,500.0
527,24.709956709956714,33.24242424242425,5.194805194805194,500.0
528,24.709956709956714,33.24242424242425,5.194805194805194,500.0
529,24.709956709956714,33.24242424242425,5.194805194805194,500.0
530,24.709956709956714,33.24242424242425,5.194805194805194,500.0
531,24.709956709956714,33.24242424242425,5.194805194805194,500.0
532,24.709956709956714,33.24242424242425,5.194805194805194,500.0
533,24.709956709956714,33.24242424242425,5.194805194805194,500.0
534,24.709956709956714,33.24242424242425,5.194805194805194,500.0
535,24.709956709956714,33.24242424242425,5.194805194805194,500.0
536,24.709956709956714,33.24242424242425,5.194805194805194,500.0
537,24.709956709956714,33.24242424242425,5.194805194805194,500.0
538,24.709956709956714,33.24242424242425,5.194805194805194,500.0
539,24.709956709956714,33.24242424242425,5.194805194805194,500.0
540,24.709956709956714,33.24242424242425,5.194805194805194,500.0
541,24.709956709956714,33.24242424242425,5.194805194805194,500.0
542,24.709956709956714,33.24242424242425,5.194805194805194,500.0
543,24.709956709956714,33.24242424242425,5.194805194805194,500.0
544,24.709956709956714,33.24242424242425,5.194805194805194,500.0
545,24.709956709956714,33.24242424242425,5.194805194805194,500.0
546,24.709956709956714,33.24242424242425,5.194805194805194,500.0
547,24.709956709956714,33.24242424242425,5.194805194805194,500.0
548,24.709956709956714,33.24242424242425,5.194805194805194,500.0
549,24.709956709956714,33.24242424242425,5.194805194805194,500.0
550,24.709956709956714,33.24242424242425,5.194805194805194,500.0
551,24.709956709956714,33.24242424242425,5.194805194805194,500.0
552,24.709956709956714,33.24242424242425,5.194805194805194,500.0
553,24.709956709956714,33.24242424242425,5.194805194805194,500.0
554,24.709956709956714,33.24242424242425,5.194805194805194,500.0
555,24.709956709956714,33.24242424242425,5.194805194805194,500.0
556,24.709956709956714,33.24242424242425,5.194805194805194,500.0
557,24.709956709956714,33.24242424242425,5.194805194805194,500.0
558,24.709956709956714,33.24242424242425,5.194805194805194,500.0
559,24.709956709956714,33.24242424242425,5.194805194805194,500.0
560,24.709956709956714,33.24242424242425,5.194805194805194,500.0
561,24.709956709956714,33.24242424242425,5.194805194805194,500.0
562,24.709956709956714,33.24242424242425,5.194805194805194,500.0
563,24.709956709956714,33.24242424242425,5.194805194805194,500.0
564,24.709956709956714,33.24242424242425,5.194805194805194,500.0
565,24.709956709956714,33.24242424242425,5.194805194805194,500.0
566,24.709956709956714,33.24242424242425,5.194805194805194,500.0
567,24.709956709956714,33.24242424242425,5.194805194805194,500.0
568,24.709956709956714,33.24242424242425,5.194805194805194,500.0
569,24.709956709956714,33.24242424242425,5.194805194805194,500.0
570,24.709956709956714,33.24242424242425,5.194805194805194,500.0
571,24.709956709956714,33.24242424242425,5.194805194805194,500.0
572,24.709956709956714,33.24242424242425,5.194805194805194,500.0
573,24.709956709956714,33.24242424242425,5.194805194805194,500.0
574,24.709956709956714,33.24242424242425,5.194805194805194,500.0
575,24.709956709956714,33.24242424242425,5.194805194805194,500.0
576,24.709956709956714,33.24242424242425,5.194805194805194,500.0
577,24.709956709956714,33.24242424242425,5.194805194805194,500.0
578,24.709956709956714,33.24242424242425,5.194805194805194,500.0
579,24.709956709956714,33.24242424242425,5.194805194805194,500.0
580,24.709956709956714,33.24242424242425,5.194805194805194,500.0
581,24.709956709956714,33.24242424242425,5.194805194805194,500.0
582,24.709956709956714,33.24242424242425,5.194805194805194,500.0
583,24.709956709956714,33.24242424242425,5.194805194805194,500.0
584,24.709956709956714,33.24242424242425,5.194805194805194,500.0
585,24.709956709956714,33.24242424242425,5.194805194805194,500.0
586,24.709956709956714,33.24242424242425,5.194805194805194,500.0
587,24.709956709956714,33.24242424242425,5.194805194805194,500.0
588,24.709956709956714,33.24242424242425,5.194805194805194,500.0
589,24.709956709956714,33.24242424242425,5.194805194805194,500.0
590,24.709956709956714,33.24242424242425,5.194805194805194,500.0
591,24.709956709956714,33.24242424242425,5.194805194805194,500.0
592,24.709956709956714,33.24242424242425,5.194805194805194,500.0
593,24.709956709956714,33.24242424242425,5.194805194805194,500.0
594,24.709956709956714,33.24242424242425,5.194805194805194,500.0
595,24.709956709956714,33.24242424242425,5.194805194805194,500.0
596,24.709956709956714,33.24242424242425,5.194805194805194,500.0
597,24.709956709956714,33.24242424242425,5.194805194805194,500.0
598,24.709956709956714,33.24242424242425,5.194805194805194,500.0
599,24.709956709956714,33.24242424242425,5.194805194805194,500.0
600,24.709956709956714,33.24242424242425,5.194805194805194,500.0
601,24.709956709956714,33.24242424242425,5.194805194805194,500.0
602,24.709956709956714,33.24242424242425,5.194805194805194,500.0
603,24.709956709956714,33.24242424242425,5.194805194805194,500.0
604,24.709956709956714,33.24242424242425,5.194805194805194,500.0
605,24.709956709956714,33.24242424242425,5.194805194805194,500.0
606,24.709956709956714,33.24242424242425,5.194805194805194,500.0
607,24.709956709956714,33.24242424242425,5.194805194805194,500.0
608,24.709956709956714,33.24242424242425,5.194805194805194,500.0
609,24.709956709956714,33.24242424242425,5.194805194805194,500.0
610,24.709956709956714,33.24242424242425,5.194805194805194,500.0
611,24.709956709956714,33.24242424242425,5.194805194805194,500.0
612,24.709956709956714,33.24242424242425,5.194805194805194,500.0
613,24.709956709956714,33.24242424242425,5.194805194805194,500.0
614,24.709956709956714,33.24242424242425,5.194805194805194,500.0
615,24.709956709956714,33.24242424242425,5.194805194805194,500.0
616,24.709956709956714,33.24242424242425,5.194805194805194,500.0
617,24.709956709956714,33.24242424242425,5.194805194805194,500.0
618,24.709956709956714,33.24242424242425,5.194805194805194,500.0
619,24.709956709956714,33.24242424242425,5.194805194805194,500.0
620,24.709956709956714,33.24242424242425,5.194805194805194,500.0
621,24.709956709956714,33.24242424242425,5.194805194805194,500.0
622,24.709956709956714,33.24242424242425,5.194805194805194,500.0
623,24.709956709956714,33.24242424242425,5.194805194805194,500.0
624,24.709956709956714,33.24242424242425,5.194805194805194,500.0
625,24.709956709956714,33.24242424242425,5.194805194805194,500.0
626,24.709956709956714,33.24242424242425,5.194805194805194,500.0
627,24.709956709956714,33.24242424242425,5.194805194805194,500.0
628,24.709956709956714,33.24242424242425,5.194805194805194,500.0
629,24.709956709956714,33.24242424242425,5.194805194805194,500.0
630,24.709956709956714,33.24242424242425,5.194805194805194,500.0
631,24.709956709956714,33.24242424242425,5.194805194805194,500.0
632,24.709956709956714,33.24242424242425,5.194805194805194,500.0
633,24.709956709956714,33.24242424242425,5.194805194805194,500.0
634,24.709956709956714,33.24242424242425,5.194805194805194,500.0
635,24.709956709956714,33.24242424242425,5.194805194805194,500.0
636,24.709956709956714,33.24242424242425,5.194805194805194,500.0
637,24.709956709956714,33.24242424242425,5.194805194805194,500.0
638,24.709956709956714,33.24242424242425,5.194805194805194,500.0
639,24.709956709956714,33.24242424242425,5.194805194805194,500.0
640,24.709956709956714,33.24242424242425,5.194805194805194,500.0
641,24.709956709956714,33.24242424242425,5.194805194805194,500.0
642,24.709956709956714,33.24242424242425,5.194805194805194,500.0
643,24.709956709956714,33.24242424242425,5.194805194805194,500.0
644,24.709956709956714,33.24242424242425,5.194805194805194,500.0
645,24.709956709956714,33.24242424242425,5.194805194805194,500.0
646,24.709956709956714,33.24242424242425,5.194805194805194,500.0
647,24.709956709956714,33.24242424242425,5.194805194805194,500.0
648,24.709956709956714,33.24242424242425,5.194805194805194,500.0
649,24.709956709956714,33.24242424242425,5.194805194805194,500.0
650,24.709956709956714,33.24242424242425,5.194805194805194,500.0
651,24.709956709956714,33.24242424242425,5.194805194805194,500.0
652,24.709956709956714,33.24242424242425,5.194805194805194,500.0
653,24.709956709956714,33.24242424242425,5.194805194805194,500.0
654,24.709956709956714,33.24242424242425,5.194805194805194,500.0
655,24.709956709956714,33.24242424242425,5.194805194805194,500.0
656,24.709956709956714,33.24242424242425,5.194805194805194,500.0
657,24.709956709956714,33.24242424242425,5.194805194805194,500.0
658,24.709956709956714,33.24242424242425,5.194805194805194,500.0
659,24.709956709956714,33.24242424242425,5.194805194805194,500.0
660,24.709956709956714,33.24242424242425,5.194805194805194,500.0
661,24.709956709956714,33.24242424242425,5.194805194805194,500.0
662,24.709956709956714,33.24242424242425,5.194805194805194,500.0
663,24.709956709956714,33.24242424242425,5.194805194805194,500.0
664,24.709956709956714,33.24242424242425,5.194805194805194,500.0
665,24.709956709956714,33.24242424242425,5.194805194805194,500.0
666,24.709956709956714,33.24242424242425,5.194805194805194,500.0
667,24.709956709956714,33.24242424242425,5.194805194805194,500.0
668,24.709956709956714,33.24242424242425,5.194805194805194,500.0
669,24.709956709956714,33.24242424242425,5.194805194805194,500.0
670,24.709956709956714,33.24242424242425,5.194805194805194,500.0
671,24.709956709956714,33.24242424242425,5.194805194805194,500.0
672,24.709956709956714,33.24242424242425,5.194805194805194,500.0
673,24.709956709956714,33.24242424242425,5.194805194805194,500.0
674,24.709956709956714,33.24242424242425,5.194805194805194,500.0
675,24.709956709956714,33.24242424242425,5.194805194805194,500.0
676,24.709956709956714,33.24242424242425,5.194805194805194,500.0
677,24.709956709956714,33.24242424242425,5.194805194805194,500.0
678,24.709956709956714,33.24242424242425,5.194805194805194,500.0
679,24.709956709956714,33.24242424242425,5.194805194805194,500.0
680,24.709956709956714,33.24242424242425,5.194805194805194,500.0
681,24.709956709956714,33.24242424242425,5.194805194805194,500.0
682,24.709956709956714,33.24242424242425,5.194805194805194,500.0
683,24.709956709956714,33.24242424242425,5.194805194805194,500.0
684,24.709956709956714,33.24242424242425,5.194805194805194,500.0
685,24.709956709956714,33.24242424242425,5.194805194805194,500.0
686,24.709956709956714,33.24242424242425,5.194805194805194,500.0
687,24.709956709956714,33.24242424242425,5.194805194805194,500.0
688,24.709956709956714,33.24242424242425,5.194805194805194,500.0
689,24.709956709956714,33.24242424242425,5.194805194805194,500.0
690,24.709956709956714,33.24242424242425,5.194805194805194,500.0
691,24.709956709956714,33.24242424242425,5.194805194805194,500.0
692,24.709956709956714,33.24242424242425,5.194805194805194,500.0
693,24.709956709956714,33.24242424242425,5.194805194805194,500.0
694,24.709956709956714,33.24242424242425,5.194805194805194,500.0
695,24.709956709956714,33.24242424242425,5.194805194805194,500.0
696,24.709956709956714,33.24242424242425,5.194805194805194,500.0
697,24.709956709956714,33.24242424242425,5.194805194805194,500.0
698,24.709956709956714,33.24242424242425,5.194805194805194,500.0
699,24.709956709956714,33.24242424242425,5.194805194805194,500.0
700,24.709956709956714,33.24242424242425,5.194805194805194,500.0
701,24.709956709956714,33.24242424242425,5.194805194805194,500.0
702,24.709956709956714,33.24242424242425,5.194805194805194,500.0
703,24.709956709956714,33.24242424242425,5.194805194805194,500.0
704,24.709956709956714,33.24242424242425,5.194805194805194,500.0
705,24.709956709956714,33.24242424242425,5.194805194805194,500.0
706,24.709956709956714,33.24242424242425,5.194805194805194,500.0
707,24.709956709956714,33.24242424242425,5.194805194805194,500.0
708,24.709956709956714,33.24242424242425,5.194805194805194,500.0
709,24.709956709956714,33.24242424242425,5.194805194805194,500.0
710,24.709956709956714,33.24242424242425,5.194805194805194,500.0
711,24.709956709956714,33.24242424242425,5.194805194805194,500.0
712,24.709956709956714,33.24242424242425,5.194805194805194,500.0
713,24.709956709956714,33.24242424242425,5.194805194805194,500.0
714,24.709956709956714,33.24242424242425,5.194805194805194,500.0
715,24.709956709956714,33.24242424242425,5.194805194805194,500.0
716,24.709956709956714,33.24242424242425,5.194805194805194,500.0
717,24.709956709956714,33.24242424242425,5.194805194805194,500.0
718,24.709956709956714,33.24242424242425,5.194805194805194,500.0
719,24.709956709956714,33.24242424242425,5.194805194805194,500.0
720,24.709956709956714,33.24242424242425,5.194805194805194,500.0
721,24.709956709956714,33.24242424242425,5.194805194805194,500.0
722,24.709956709956714,33.24242424242425,5.194805194805194,500.0
723,24.709956709956714,33.24242424242425,5.194805194805194,500.0
724,24.709956709956714,33.24242424242425,5.194805194805194,500.0
725,24.709956709956714,33.24242424242425,5.194805194805194,500.0
726,24.709956709956714,33.24242424242425,5.194805194805194,500.0
727,24.709956709956714,33.24242424242425,5.194805194805194,500.0
728,24.709956709956714,33.24242424242425,5.194805194805194,500.0
729,24.709956709956714,33.24242424242425,5.194805194805194,500.0
730,24.709956709956714,33.24242424242425,5.194805194805194,500.0
731,24.709956709956714,33.24242424242425,5.194805194805194,500.0
732,24.709956709956714,33.24242424242425,5.194805194805194,500.0
733,24.709956709956714,33.24242424242425,5.194805194805194,500.0
734,24.709956709956714,33.24242424242425,5.194805194805194,500.0
735,24.709956709956714,33.24242424242425,5.194805194805194,500.0
736,24.709956709956714,33.24242424242425,5.194805194805194,500.0
737,24.709956709956714,33.24242424242425,5.194805194805194,500.0
738,24.709956709956714,33.24242424242425,5.194805194805194,500.0
739,24.709956709956714,33.24242424242425,5.194805194805194,500.0
740,24.709956709956714,33.24242424242425,5.194805194805194,500.0
741,24.709956709956714,33.24242424242425,5.194805194805194,500.0
742,24.709956709956714,33.24242424242425,5.194805194805194,500.0
743,24.709956709956714,33.24242424242425,5.194805194805194,500.0
744,24.709956709956714,33.24242424242425,5.194805194805194,500.0
745,24.709956709956714,33.24242424242425,5.194805194805194,500.0
746,24.709956709956714,33.24242424242425,5.194805194805194,500.0
747,24.709956709956714,33.24242424242425,5.194805194805194,500.0
748,24.709956709956714,33.24242424242425,5.194805194805194,500.0
749,24.709956709956714,33.24242424242425,5.194805194805194,500.0
750,24.709956709956714,33.24242424242425,5.194805194805194,500.0
751,24.709956709956714,33.24242424242425,5.194805194805194,500.0
752,24.709956709956714,33.24242424242425,5.194805194805194,500.0
753,24.709956709956714,33.24242424242425,5.194805194805194,500.0
754,24.709956709956714,33.24242424242425,5.194805194805194,500.0
755,24.709956709956714,33.24242424242425,5.194805194805194,500.0
756,24.709956709956714,33.24242424242425,5.194805194805194,500.0
757,24.709956709956714,33.24242424242425,5.194805194805194,500.0
758,24.709956709956714,33.24242424242425,5.194805194805194,500.0
759,24.709956709956714,33.24242424242425,5.194805194805194,500.0
760,24.709956709956714,33.24242424242425,5.194805194805194,500.0
761,24.709956709956714,33.24242424242425,5.194805194805194,500.0
762,24.709956709956714,33.24242424242425,5.194805194805194,500.0
763,24.709956709956714,33.24242424242425,5.194805194805194,500.0
764,24.709956709956714,33.24242424242425,5.194805194805194,500.0
765,24.709956709956714,33.24242424242425,5.194805194805194,500.0
766,24.709956709956714,33.24242424242425,5.194805194805194,500.0
767,24.709956709956714,33.24242424242425,5.194805194805194,500.0
768,24.709956709956714,33.24242424242425,5.194805194805194,500.0
769,24.709956709956714,33.24242424242425,5.194805194805194,500.0
770,24.709956709956714,33.24242424242425,5.194805194805194,500.0
771,24.709956709956714,33.24242424242425,5.194805194805194,500.0
772,24.709956709956714,33.24242424242425,5.194805194805194,500.0
773,24.709956709956714,33.24242424242425,5.194805194805194,500.0
774,24.709956709956714,33.24242424242425,5.194805194805194,500.0
775,24.709956709956714,33.24242424242425,5.194805194805194,500.0
776,24.709956709956714,33.24242424242425,5.194805194805194,500.0
777,24.709956709956714,33.24242424242425,5.194805194805194,500.0
778,24.709956709956714,33.24242424242425,5.194805194805194,500.0
779,24.709956709956714,33.24242424242425,5.194805194805194,500.0
780,24.709956709956714,33.24242424242425,5.194805194805194,500.0
781,24.709956709956714,33.24242424242425,5.194805194805194,500.0
782,24.709956709956714,33.24242424242425,5.194805194805194,500.0
783,24.709956709956714,33.24242424242425,5.194805194805194,500.0
784,24.709956709956714,33.24242424242425,5.194805194805194,500.0
785,24.709956709956714,33.24242424242425,5.194805194805194,500.0
786,24.709956709956714,33.24242424242425,5.194805194805194,500.0
787,24.709956709956714,33.24242424242425,5.194805194805194,500.0
788,24.709956709956714,33.24242424242425,5.194805194805194,500.0
789,24.709956709956714,33.24242424242425,5.194805194805194,500.0
790,24.709956709956714,33.24242424242425,5.194805194805194,500.0
791,24.709956709956714,33.24242424242425,5.194805194805194,500.0
792,24.709956709956714,33.24242424242425,5.194805194805194,500.0
793,24.709956709956714,33.24242424242425,5.194805194805194,500.0
794,24.709956709956714,33.24242424242425,5.194805194805194,500.0
795,24.709956709956714,33.24242424242425,5.194805194805194,500.0
796,24.709956709956714,33.24242424242425,5.194805194805194,500.0
797,24.709956709956714,33.24242424242425,5.194805194805194,500.0
798,24.709956709956714,33.24242424242425,5.194805194805194,500.0
799,24.709956709956714,33.24242424242425,5.194805194805194,500.0
800,24.709956709956714,33.24242424242425,5.194805194805194,500.0
801,24.709956709956714,33.24242424242425,5.194805194805194,500.0
802,24.709956709956714,33.24242424242425,5.194805194805194,500.0
803,24.709956709956714,33.24242424242425,5.194805194805194,500.0
804,24.709956709956714,33.24242424242425,5.194805194805194,500.0
805,24.709956709956714,33.24242424242425,5.194805194805194,500.0
806,24.709956709956714,33.24242424242425,5.194805194805194,500.0
807,24.709956709956714,33.24242424242425,5.194805194805194,500.0
808,24.709956709956714,33.24242424242425,5.194805194805194,500.0
809,24.709956709956714,33.24242424242425,5.194805194805194,500.0
810,24.709956709956714,33.24242424242425,5.194805194805194,500.0
811,24.709956709956714,33.24242424242425,5.194805194805194,500.0
812,24.709956709956714,33.24242424242425,5.194805194805194,500.0
813,24.709956709956714,33.24242424242425,5.194805194805194,500.0
814,24.709956709956714,33.24242424242425,5.194805194805194,500.0
815,24.709956709956714,33.24242424242425,5.194805194805194,500.0
816,24.709956709956714,33.24242424242425,5.194805194805194,500.0
817,24.709956709956714,33.24242424242425,5.194805194805194,500.0
818,24.709956709956714,33.24242424242425,5.194805194805194,500.0
819,24.709956709956714,33.24242424242425,5.194805194805194,500.0
820,24.709956709956714,33.24242424242425,5.194805194805194,500.0
821,24.709956709956714,33.24242424242425,5.194805194805194,500.0
822,24.709956709956714,33.24242424242425,5.194805194805194,500.0
823,24.709956709956714,33.24242424242425,5.194805194805194,500.0
824,24.709956709956714,33.24242424242425,5.194805194805194,500.0
825,24.709956709956714,33.24242424242425,5.194805194805194,500.0
826,24.709956709956714,33.24242424242425,5.194805194805194,500.0
827,24.709956709956714,33.24242424242425,5.194805194805194,500.0
828,24.709956709956714,33.24242424242425,5.194805194805194,500.0
829,24.709956709956714,33.24242424242425,5.194805194805194,500.0
830,24.709956709956714,33.24242424242425,5.194805194805194,500.0
831,24.709956709956714,33.24242424242425,5.194805194805194,500.0
832,24.709956709956714,33.24242424242425,5.194805194805194,500.0
833,24.709956709956714,33.24242424242425,5.194805194805194,500.0
834,24.709956709956714,33.24242424242425,5.194805194805194,500.0
835,24.709956709956714,33.24242424242425,5.194805194805194,500.0
836,24.709956709956714,33.24242424242425,5.194805194805194,500.0
837,24.709956709956714,33.24242424242425,5.194805194805194,500.0
838,24.709956709956714,33.24242424242425,5.194805194805194,500.0
839,24.709956709956714,33.24242424242425,5.194805194805194,500.0
840,24.709956709956714,33.24242424242425,5.194805194805194,500.0
841,24.709956709956714,33.24242424242425,5.194805194805194,500.0
842,24.709956709956714,33.24242424242425,5.194805194805194,500.0
843,24.709956709956714,33.24242424242425,5.194805194805194,500.0
844,24.709956709956714,33.24242424242425,5.194805194805194,500.0
845,24.709956709956714,33.24242424242425,5.194805194805194,500.0
846,24.709956709956714,33.24242424242425,5.194805194805194,500.0
847,24.709956709956714,33.24242424242425,5.194805194805194,500.0
848,24.709956709956714,33.24242424242425,5.194805194805194,500.0
849,24.709956709956714,33.24242424242425,5.194805194805194,500.0
850,24.709956709956714,33.24242424242425,5.194805194805194,500.0
851,24.709956709956714,33.24242424242425,5.194805194805194,500.0
852,24.709956709956714,33.24242424242425,5.194805194805194,500.0
853,24.709956709956714,33.24242424242425,5.194805194805194,500.0
854,24.709956709956714,33.24242424242425,5.194805194805194,500.0
855,24.709956709956714,33.24242424242425,5.194805194805194,500.0
856,24.709956709956714,33.24242424242425,5.194805194805194,500.0
857,24.709956709956714,33.24242424242425,5.194805194805194,500.0
858,24.709956709956714,33.24242424242425,5.194805194805194,500.0
859,24.709956709956714,33.24242424242425,5.194805194805194,500.0
860,24.709956709956714,33.24242424242425,5.194805194805194,500.0
861,24.709956709956714,33.24242424242425,5.194805194805194,500.0
862,24.709956709956714,33.24242424242425,5.194805194805194,500.0
863,24.709956709956714,33.24242424242425,5.194805194805194,500.0
864,24.709956709956714,33.24242424242425,5.194805194805194,500.0
865,24.709956709956714,33.24242424242425,5.194805194805194,500.0
866,24.709956709956714,33.24242424242425,5.194805194805194,500.0
867,24.709956709956714,33.24242424242425,5.194805194805194,500.0
868,24.709956709956714,33.24242424242425,5.194805194805194,500.0
869,24.709956709956714,33.24242424242425,5.194805194805194,500.0
870,24.709956709956714,33.24242424242425,5.194805194805194,500.0
871,24.709956709956714,33.24242424242425,5.194805194805194,500.0
872,24.709956709956714,33.24242424242425,5.194805194805194,500.0
873,24.709956709956714,33.24242424242425,5.194805194805194,500.0
874,24.709956709956714,33.24242424242425,5.194805194805194,500.0
875,24.709956709956714,33.24242424242425,5.194805194805194,500.0
876,24.709956709956714,33.24242424242425,5.194805194805194,500.0
877,24.709956709956714,33.24242424242425,5.194805194805194,500.0
878,24.709956709956714,33.24242424242425,5.194805194805194,500.0
879,24.709956709956714,33.24242424242425,5.194805194805194,500.0
880,24.709956709956714,33.24242424242425,5.194805194805194,500.0
881,24.709956709956714,33.24242424242425,5.194805194805194,500.0
882,24.709956709956714,33.24242424242425,5.194805194805194,500.0
883,24.709956709956714,33.24242424242425,5.194805194805194,500.0
884,24.709956709956714,33.24242424242425,5.194805194805194,500.0
885,24.709956709956714,33.24242424242425,5.194805194805194,500.0
886,24.709956709956714,33.24242424242425,5.194805194805194,500.0
887,24.709956709956714,33.24242424242425,5.194805194805194,500.0
888,24.709956709956714,33.24242424242425,5.194805194805194,500.0
889,24.709956709956714,33.24242424242425,5.194805194805194,500.0
890,24.709956709956714,33.24242424242425,5.194805194805194,500.0
891,24.709956709956714,33.24242424242425,5.194805194805194,500.0
892,24.709956709956714,33.24242424242425,5.194805194805194,500.0
893,24.709956709956714,33.24242424242425,5.194805194805194,500.0
894,24.709956709956714,33.24242424242425,5.194805194805194,500.0
895,24.709956709956714,33.24242424242425,5.194805194805194,500.0
896,24.709956709956714,33.24242424242425,5.194805194805194,500.0
897,24.709956709956714,33.24242424242425,5.194805194805194,500.0
898,24.709956709956714,33.24242424242425,5.194805194805194,500.0
899,24.709956709956714,33.24242424242425,5.194805194805194,500.0
900,24.709956709956714,33.24242424242425,5.194805194805194,500.0
901,24.709956709956714,33.24242424242425,5.194805194805194,500.0
902,24.709956709956714,33.24242424242425,5.194805194805194,500.0
903,24.709956709956714,33.24242424242425,5.194805194805194,500.0
904,24.709956709956714,33.24242424242425,5.194805194805194,500.0
905,24.709956709956714,33.24242424242425,5.194805194805194,500.0
906,24.709956709956714,33.24242424242425,5.194805194805194,500.0
907,24.709956709956714,33.24242424242425,5.194805194805194,500.0
908,24.709956709956714,33.24242424242425,5.194805194805194,500.0
909,24.709956709956714,33.24242424242425,5.194805194805194,500.0
910,24.709956709956714,33.24242424242425,5.194805194805194,500.0
911,24.709956709956714,33.24242424242425,5.194805194805194,500.0
912,24.709956709956714,33.24242424242425,5.194805194805194,500.0
913,24.709956709956714,33.24242424242425,5.194805194805194,500.0
914,24.709956709956714,33.24242424242425,5.194805194805194,500.0
915,24.709956709956714,33.24242424242425,5.194805194805194,500.0
916,24.709956709956714,33.24242424242425,5.194805194805194,500.0
917,24.709956709956714,33.24242424242425,5.194805194805194,500.0
918,24.709956709956714,33.24242424242425,5.194805194805194,500.0
919,24.709956709956714,33.24242424242425,5.194805194805194,500.0
920,24.709956709956714,33.24242424242425,5.194805194805194,500.0
921,24.709956709956714,33.24242424242425,5.194805194805194,500.0
922,24.709956709956714,33.24242424242425,5.194805194805194,500.0
923,24.709956709956714,33.24242424242425,5.194805194805194,500.0
924,24.709956709956714,33.24242424242425,5.194805194805194,500.0
925,24.709956709956714,33.24242424242425,5.194805194805194,500.0
926,24.709956709956714,33.24242424242425,5.194805194805194,500.0
927,24.709956709956714,33.24242424242425,5.194805194805194,500.0
928,24.709956709956714,33.24242424242425,5.194805194805194,500.0
929,24.709956709956714,33.24242424242425,5.194805194805194,500.0
930,24.709956709956714,33.24242424242425,5.194805194805194,500.0
931,24.709956709956714,33.24242424242425,5.194805194805194,500.0
932,24.709956709956714,33.24242424242425,5.194805194805194,500.0
933,24.709956709956714,33.24242424242425,5.194805194805194,500.0
934,24.709956709956714,33.24242424242425,5.194805194805194,500.0
935,24.709956709956714,33.24242424242425,5.194805194805194,500.0
936,24.709956709956714,33.24242424242425,5.194805194805194,500.0
937,24.709956709956714,33.24242424242425,5.194805194805194,500.0
938,24.709956709956714,33.24242424242425,5.194805194805194,500.0
939,24.709956709956714,33.24242424242425,5.194805194805194,500.0
940,24.709956709956714,33.24242424242425,5.194805194805194,500.0
941,24.709956709956714,33.24242424242425,5.194805194805194,500.0
942,24.709956709956714,33.24242424242425,5.194805194805194,500.0
943,24.709956709956714,33.24242424242425,5.194805194805194,500.0
944,24.709956709956714,33.24242424242425,5.194805194805194,500.0
945,24.709956709956714,33.24242424242425,5.194805194805194,500.0
946,24.709956709956714,33.24242424242425,5.194805194805194,500.0
947,24.709956709956714,33.24242424242425,5.194805194805194,500.0
948,24.709956709956714,33.24242424242425,5.194805194805194,500.0
949,24.709956709956714,33.24242424242425,5.194805194805194,500.0
950,24.709956709956714,33.24242424242425,5.194805194805194,500.0
951,24.709956709956714,33.24242424242425,5.194805194805194,500.0
952,24.709956709956714,33.24242424242425,5.194805194805194,500.0
953,24.709956709956714,33.24242424242425,5.194805194805194,500.0
954,24.709956709956714,33.24242424242425,5.194805194805194,500.0
955,24.709956709956714,33.24242424242425,5.194805194805194,500.0
956,24.709956709956714,33.24242424242425,5.194805194805194,500.0
957,24.709956709956714,33.24242424242425,5.194805194805194,500.0
958,24.709956709956714,33.24242424242425,5.194805194805194,500.0
959,24.709956709956714,33.24242424242425,5.194805194805194,500.0
960,24.709956709956714,33.24242424242425,5.194805194805194,500.0
961,24.709956709956714,33.24242424242425,5.194805194805194,500.0
962,24.709956709956714,33.24242424242425,5.194805194805194,500.0
963,24.709956709956714,33.24242424242425,5.194805194805194,500.0
964,24.709956709956714,33.24242424242425,5.194805194805194,500.0
965,24.709956709956714,33.24242424242425,5.194805194805194,500.0
966,24.709956709956714,33.24242424242425,5.194805194805194,500.0
967,24.709956709956714,33.24242424242425,5.194805194805194,500.0
968,24.709956709956714,33.24242424242425,5.194805194805194,500.0
969,24.709956709956714,33.24242424242425,5.194805194805194,500.0
970,24.709956709956714,33.24242424242425,5.194805194805194,500.0
971,24.709956709956714,33.24242424242425,5.194805194805194,500.0
972,24.709956709956714,33.24242424242425,5.194805194805194,500.0
973,24.709956709956714,33.24242424242425,5.194805194805194,500.0
974,24.709956709956714,33.24242424242425,5.194805194805194,500.0
975,24.709956709956714,33.24242424242425,5.194805194805194,500.0
976,24.709956709956714,33.24242424242425,5.194805194805194,500.0
977,24.709956709956714,33.24242424242425,5.194805194805194,500.0
978,24.709956709956714,33.24242424242425,5.194805194805194,500.0
979,24.709956709956714,33.24242424242425,5.194805194805194,500.0
980,24.709956709956714,33.24242424242425,5.194805194805194,500.0
981,24.709956709956714,33.24242424242425,5.194805194805194,500.0
982,24.709956709956714,33.24242424242425,5.194805194805194,500.0
983,24.709956709956714,33.24242424242425,5.194805194805194,500.0
984,24.709956709956714,33.24242424242425,5.194805194805194,500.0
985,24.709956709956714,33.24242424242425,5.194805194805194,500.0
986,24.709956709956714,33.24242424242425,5.194805194805194,500.0
987,24.709956709956714,33.24242424242425,5.194805194805194,500.0
988,24.709956709956714,33.24242424242425,5.194805194805194,500.0
989,24.709956709956714,33.24242424242425,5.194805194805194,500.0
990,24.709956709956714,33.24242424242425,5.194805194805194,500.0
991,24.709956709956714,33.24242424242425,5.194805194805194,500.0
992,24.709956709956714,33.24242424242425,5.194805194805194,500.0
993,24.709956709956714,33.24242424242425,5.194805194805194,500.0
994,24.709956709956714,33.24242424242425,5.194805194805194,500.0
995,24.709956709956714,33.24242424242425,5.194805194805194,500.0
996,24.709956709956714,33.24242424242425,5.194805194805194,500.0
997,24.709956709956714,33.24242424242425,5.194805194805194,500.0
998,24.709956709956714,33.24242424242425,5.194805194805194,500.0
999,24.709956709956714,33.24242424242425,5.194805194805194,500.0
