node_id,lai_mean,lai_std,lai_max
0,0.20976190476190476,0.2932344816885748,1.85
1,0.34607454500124657,0.10995122653465497,0.6260034904013962
2,0.35404761904761906,0.17266617728102998,0.875
3,0.36724672419303295,0.16582355060362977,0.8302013422818793
4,0.38044582933844684,0.1589809239262296,0.7854026845637584
5,0.39364493448386073,0.15213829724882938,0.7406040268456376
6,0.6235105416212287,0.28598124334864944,1.535496183206107
7,0.44738428238428235,0.22977029503601468,1.0821678321678323
8,0.45714285714285713,0.38284358557737447,1.5333333333333334
9,0.751336396208969,0.39064381538397797,1.8342334142394825
10,1.0455299352750809,0.3984440451905815,2.1351334951456313
11,0.9635664596273296,0.3339286391302421,1.5477391304347832
12,0.49046228710462286,0.25246575218794814,1.0213503649635036
13,0.48658953722334003,0.2927381640533634,1.291549295774648
14,0.4578009043993184,0.25353761930305907,1.0973852921450271
15,0.42901227157529676,0.2143370745527547,0.9032212885154062
16,0.48319902319902314,0.18672260332968388,0.8442307692307693
17,0.5545743145743146,0.24138969696452614,1.087878787878788
18,0.4679733560090703,0.22264687775644934,0.8589285714285715
19,0.5579768518518519,0.2577926378853866,0.9591666666666665
20,0.5048542274052479,0.23391869483352185,1.0336734693877552
21,0.39605577689243027,0.16204025539642883,0.7418326693227092
22,0.48147225862822196,0.19348970546857885,0.8885321100917433
23,0.5183551769331586,0.23191557854692002,1.0442660550458718
24,0.5552380952380952,0.2703414516252612,1.2000000000000002
25,0.7675496031746032,0.4846504175585322,2.0614583333333334
26,0.9798611111111112,0.6989593834918033,2.9229166666666666
27,0.8508618171194858,0.5212058606967073,2.6662576687116566
28,0.720952380952381,0.26082269467569313,1.475
29,0.577220695970696,0.2339597279939886,1.1259615384615385
30,0.6733032897701667,0.33432522525701386,1.3018138801261827
31,0.6359591836734694,0.39173930062935647,1.7874999999999999
32,0.6095396825396825,0.35525002154665847,1.3736111111111111
33,1.7966666666666669,1.427162961139007,4.933333333333334
34,0.6185921325051762,0.36459810334681353,1.5228260869565218
35,10.0,0.03136058368258743,10.0
36,10.0,0.0752034853943197,10.0
37,0.3176021473307493,0.11904638710605198,0.5728079331941558
38,0.5091582165225171,0.24177090233865028,0.9614039665970773
39,0.7007142857142857,0.3644954175712486,1.35
40,0.30262876579203113,0.13031592672542086,0.5857142857142856
41,0.32261904761904764,0.14131402806684856,0.6666666666666667
42,0.7256746031746032,0.3006629557975163,1.4000000000000001
43,0.6816666666666666,0.2556583163726249,1.0846491228070176
44,0.5738095238095238,0.23659700581543103,0.9256578947368421
45,0.46595238095238095,0.21753569525823716,0.7666666666666667
46,1.0977674706246137,0.5530386126271079,2.094949494949495
47,0.5730423280423281,0.301518482000067,1.2448412698412699
48,0.7739848415250344,0.29076853090772514,1.3483922829581994
49,0.7705972374018166,0.2715908180620149,1.4023570610193294
50,0.7672096332785988,0.25241310521630467,1.4563218390804598
51,0.6364285714285715,0.3218238828582561,1.35
52,0.5873459690893903,0.29395955320236866,1.289309210526316
53,0.671530127401838,0.24779736687161535,1.244654605263158
54,0.7557142857142858,0.20163518054086207,1.2000000000000002
55,0.7795775152166131,0.43643977744410434,1.821522556390978
56,0.8750984714873605,0.5620677565873624,2.2349151234567906
57,1.1859523809523809,0.6121882007116517,2.4250000000000003
58,1.291717296113848,0.7605655503085997,3.2192528735632187
59,1.019650494159928,0.5351349493430554,2.2646226415094337
60,0.6480476190476191,0.23499419824455914,1.0660204081632654
61,0.6971800947867299,0.2817770835660566,1.2058451816745657
62,0.764673721340388,0.3360650804334161,1.5833333333333333
63,0.5251904761904762,0.21856064032986489,0.925
64,0.5916666666666668,0.29961849380514777,1.225
65,0.505,0.2035048296386956,0.925
66,0.6583333333333333,0.4119339054795807,2.225
67,0.6954761904761906,0.3206588069816025,1.5666666666666667
68,0.4831498829039813,0.18215780660732142,0.8657103825136613
69,0.8321428571428572,0.4941576267117085,1.975
70,0.6332770562770562,0.25887568286868917,1.1668181818181818
71,0.7559599567099567,0.30909195585421073,1.4716666666666667
72,0.9466421568627451,0.37916282746682806,1.8843750000000001
73,0.8605853174603175,0.3444382533308119,1.6583333333333332
74,0.9304034391534393,0.3149102028582068,1.6896990740740745
75,0.9443788819875778,0.39497521720569995,1.7666666666666668
76,0.7953000000000001,0.3125994776162542,1.5703333333333334
77,0.4536596119929454,0.23049794994269093,1.0567901234567902
78,0.5471428571428572,0.2961348426049669,1.2750000000000001
79,0.7949350649350649,0.29042805800380805,1.3613636363636366
80,0.9103806284418531,0.3754869046802879,1.9265306122448982
81,0.5990862290862292,0.28748683259234853,1.120945945945946
82,0.665952380952381,0.3216923909540901,1.2000000000000002
83,0.6491292134831462,0.27464094173912823,1.1661516853932588
84,0.6444663382594418,0.3298231741509663,1.40632183908046
85,0.6283809523809525,0.29089461493090313,1.2687500000000003
86,0.544264232008593,0.19827299317305774,0.9471804511278195
87,1.2966231126596983,0.49172991135856076,2.4751524390243906
88,0.7140050054112554,0.37886900696340925,1.6855823863636363
89,1.1289517488411294,0.5179739401823913,2.294395280235988
90,0.6166666666666667,0.31444655187635323,1.4000000000000001
91,1.0473809523809523,0.5925006943701684,2.45
92,0.37736418511066394,0.27761219937561604,1.0440140845070423
93,1.5443607305936076,0.7595766883554078,3.413698630136987
94,1.9750832682799897,1.3205498708260879,4.6297814207650285
95,0.9759224408326205,0.6239889950110658,2.206586826347306
96,0.2640079365079365,0.11403146037285983,0.6291666666666669
97,0.5571161978304836,0.21310607757644984,1.0530888030888033
98,0.7891434468524251,0.29622116023636924,1.3590557275541795
99,0.7592119979664465,0.4329714116835914,1.6227758007117437
100,0.7292805490804678,0.5697216631308135,1.8864958738693078
101,0.6993491001944891,0.7064719145780356,2.1502159470268722
102,0.6694176513085105,0.8432221660252578,2.413936020184436
103,0.6394862024225318,0.9799724174724799,2.6776560933420006
104,0.6095547535365532,1.116722668919702,2.9413761664995643
105,0.5796233046505745,1.2534729203669244,3.205096239657129
106,0.5496918557645959,1.3902231718141462,3.4688163128146927
107,0.5197604068786172,1.5269734232613685,3.7325363859722573
108,0.4898289579926386,1.6637236747085904,3.996256459129821
109,0.45989750910665994,1.8004739261558127,4.259976532287386
110,0.4299660602206813,1.937224177603035,4.5236966054449494
111,0.40003461133470264,2.073974429050257,4.787416678602514
112,0.370103162448724,2.210724680497479,5.051136751760078
113,0.34017171356274534,2.347474931944701,5.314856824917642
114,0.3102402646767667,2.4842251833919233,5.578576898075206
115,0.28030881579078804,2.6209754348391456,5.842296971232771
116,0.2503773669048094,2.7577256862863675,6.1060170443903345
117,0.22044591801883073,2.89447593773359,6.369737117547898
118,0.19051446913285208,3.0312261891808117,6.633457190705463
119,0.16058302024687343,3.167976440628034,6.8971772638630275
120,0.13065157136089478,3.3047266920752563,7.160897337020591
121,0.10072012247491613,3.441476943522478,7.424617410178155
122,0.07078867358893748,3.5782271949697004,7.68833748333572
123,0.04085722470295883,3.7149774464169227,7.952057556493284
124,0.010925775816980177,3.8517276978641446,8.215777629650848
125,0.0,3.988477949311367,8.479497702808413
126,0.0,4.125228200758589,8.743217775965977
127,0.0,4.2619784522058115,9.006937849123542
128,0.0,4.398728703653033,9.270657922281105
129,0.0,4.535478955100255,9.53437799543867
130,0.0,4.6722292065474775,9.798098068596234
131,0.0,4.8089794579947,10.0
132,0.0,4.945729709441922,10.0
133,0.0,5.0824799608891436,10.0
134,0.0,5.219230212336366,10.0
135,0.0,5.355980463783588,10.0
136,0.0,5.4927307152308105,10.0
137,0.0,5.629480966678033,10.0
138,0.0,5.766231218125254,10.0
139,0.0,5.9029814695724765,10.0
140,0.0,6.039731721019699,10.0
141,0.0,6.176481972466921,10.0
142,0.0,6.313232223914143,10.0
143,0.0,6.449982475361366,10.0
144,0.0,6.586732726808587,10.0
145,0.0,6.723482978255809,10.0
146,0.0,6.860233229703032,10.0
147,0.0,6.996983481150254,10.0
148,0.0,7.133733732597476,10.0
149,0.0,7.270483984044698,10.0
150,0.0,7.40723423549192,10.0
151,0.0,7.543984486939142,10.0
152,0.0,7.680734738386365,10.0
153,0.0,7.817484989833587,10.0
154,0.0,7.954235241280809,10.0
155,0.0,8.09098549272803,10.0
156,0.0,8.227735744175254,10.0
157,0.0,8.364485995622475,10.0
158,0.0,8.501236247069697,10.0
159,0.0,8.63798649851692,10.0
160,0.0,8.774736749964141,10.0
161,0.0,8.911487001411365,10.0
162,0.0,9.048237252858586,10.0
163,0.0,9.184987504305807,10.0
164,0.0,9.32173775575303,10.0
165,0.0,9.458488007200252,10.0
166,0.0,9.595238258647475,10.0
167,0.0,9.731988510094697,10.0
168,0.0,9.868738761541918,10.0
169,0.0,10.0,10.0
170,0.0,10.0,10.0
171,0.0,10.0,10.0
172,0.0,10.0,10.0
173,0.0,10.0,10.0
174,0.0,10.0,10.0
175,0.0,10.0,10.0
176,0.0,10.0,10.0
177,0.0,10.0,10.0
178,0.0,10.0,10.0
179,0.0,10.0,10.0
180,0.0,10.0,10.0
181,0.0,10.0,10.0
182,0.0,10.0,10.0
183,0.0,10.0,10.0
184,0.0,10.0,10.0
185,0.0,10.0,10.0
186,0.0,10.0,10.0
187,0.0,10.0,10.0
188,0.0,10.0,10.0
189,0.0,10.0,10.0
190,0.0,10.0,10.0
191,0.0,10.0,10.0
192,0.0,10.0,10.0
193,0.0,10.0,10.0
194,0.0,10.0,10.0
195,0.0,10.0,10.0
196,0.0,10.0,10.0
197,0.0,10.0,10.0
198,0.0,10.0,10.0
199,0.0,10.0,10.0
200,0.0,10.0,10.0
201,0.0,10.0,10.0
202,0.0,10.0,10.0
203,0.0,10.0,10.0
204,0.0,10.0,10.0
205,0.0,10.0,10.0
206,0.0,10.0,10.0
207,0.0,10.0,10.0
208,0.0,10.0,10.0
209,0.0,10.0,10.0
210,0.0,10.0,10.0
211,0.0,10.0,10.0
212,0.0,10.0,10.0
213,0.0,10.0,10.0
214,0.0,10.0,10.0
215,0.0,10.0,10.0
216,0.0,10.0,10.0
217,0.0,10.0,10.0
218,0.0,10.0,10.0
219,0.0,10.0,10.0
220,0.0,10.0,10.0
221,0.0,10.0,10.0
222,0.0,10.0,10.0
223,0.0,10.0,10.0
224,0.0,10.0,10.0
225,0.0,10.0,10.0
226,0.0,10.0,10.0
227,0.0,10.0,10.0
228,0.0,10.0,10.0
229,0.0,10.0,10.0
230,0.0,10.0,10.0
231,0.0,10.0,10.0
232,0.0,10.0,10.0
233,0.0,10.0,10.0
234,0.0,10.0,10.0
235,0.0,10.0,10.0
236,0.0,10.0,10.0
237,0.0,10.0,10.0
238,0.0,10.0,10.0
239,0.0,10.0,10.0
240,0.0,10.0,10.0
241,0.0,10.0,10.0
242,0.0,10.0,10.0
243,0.0,10.0,10.0
244,0.0,10.0,10.0
245,0.0,10.0,10.0
246,0.0,10.0,10.0
247,0.0,10.0,10.0
248,0.0,10.0,10.0
249,0.0,10.0,10.0
250,0.0,10.0,10.0
251,0.0,10.0,10.0
252,0.0,10.0,10.0
253,0.0,10.0,10.0
254,0.0,10.0,10.0
255,0.0,10.0,10.0
256,0.0,10.0,10.0
257,0.0,10.0,10.0
258,0.0,10.0,10.0
259,0.0,10.0,10.0
260,0.0,10.0,10.0
261,0.0,10.0,10.0
262,0.0,10.0,10.0
263,0.0,10.0,10.0
264,0.0,10.0,10.0
265,0.0,10.0,10.0
266,0.0,10.0,10.0
267,0.0,10.0,10.0
268,0.0,10.0,10.0
269,0.0,10.0,10.0
270,0.0,10.0,10.0
271,0.0,10.0,10.0
272,0.0,10.0,10.0
273,0.0,10.0,10.0
274,0.0,10.0,10.0
275,0.0,10.0,10.0
276,0.0,10.0,10.0
277,0.0,10.0,10.0
278,0.0,10.0,10.0
279,0.0,10.0,10.0
280,0.0,10.0,10.0
281,0.0,10.0,10.0
282,0.0,10.0,10.0
283,0.0,10.0,10.0
284,0.0,10.0,10.0
285,0.0,10.0,10.0
286,0.0,10.0,10.0
287,0.0,10.0,10.0
288,0.0,10.0,10.0
289,0.0,10.0,10.0
290,0.0,10.0,10.0
291,0.0,10.0,10.0
292,0.0,10.0,10.0
293,0.0,10.0,10.0
294,0.0,10.0,10.0
295,0.0,10.0,10.0
296,0.0,10.0,10.0
297,0.0,10.0,10.0
298,0.0,10.0,10.0
299,0.0,10.0,10.0
300,0.0,10.0,10.0
301,0.0,10.0,10.0
302,0.0,10.0,10.0
303,0.0,10.0,10.0
304,0.0,10.0,10.0
305,0.0,10.0,10.0
306,0.0,10.0,10.0
307,0.0,10.0,10.0
308,0.0,10.0,10.0
309,0.0,10.0,10.0
310,0.0,10.0,10.0
311,0.0,10.0,10.0
312,0.0,10.0,10.0
313,0.0,10.0,10.0
314,0.0,10.0,10.0
315,0.0,10.0,10.0
316,0.0,10.0,10.0
317,0.0,10.0,10.0
318,0.0,10.0,10.0
319,0.0,10.0,10.0
320,0.0,10.0,10.0
321,0.0,10.0,10.0
322,0.0,10.0,10.0
323,0.0,10.0,10.0
324,0.0,10.0,10.0
325,0.0,10.0,10.0
326,0.0,10.0,10.0
327,0.0,10.0,10.0
328,0.0,10.0,10.0
329,0.0,10.0,10.0
330,0.0,10.0,10.0
331,0.0,10.0,10.0
332,0.0,10.0,10.0
333,0.0,10.0,10.0
334,0.0,10.0,10.0
335,0.0,10.0,10.0
336,0.0,10.0,10.0
337,0.0,10.0,10.0
338,0.0,10.0,10.0
339,0.0,10.0,10.0
340,0.0,10.0,10.0
341,0.0,10.0,10.0
342,0.0,10.0,10.0
343,0.0,10.0,10.0
344,0.0,10.0,10.0
345,0.0,10.0,10.0
346,0.0,10.0,10.0
347,0.0,10.0,10.0
348,0.0,10.0,10.0
349,0.0,10.0,10.0
350,0.0,10.0,10.0
351,0.0,10.0,10.0
352,0.0,10.0,10.0
353,0.0,10.0,10.0
354,0.0,10.0,10.0
355,0.0,10.0,10.0
356,0.0,10.0,10.0
357,0.0,10.0,10.0
358,0.0,10.0,10.0
359,0.0,10.0,10.0
360,0.0,10.0,10.0
361,0.0,10.0,10.0
362,0.0,10.0,10.0
363,0.0,10.0,10.0
364,0.0,10.0,10.0
365,0.0,10.0,10.0
366,0.0,10.0,10.0
367,0.0,10.0,10.0
368,0.0,10.0,10.0
369,0.0,10.0,10.0
370,0.0,10.0,10.0
371,0.0,10.0,10.0
372,0.0,10.0,10.0
373,0.0,10.0,10.0
374,0.0,10.0,10.0
375,0.0,10.0,10.0
376,0.0,10.0,10.0
377,0.0,10.0,10.0
378,0.0,10.0,10.0
379,0.0,10.0,10.0
380,0.0,10.0,10.0
381,0.0,10.0,10.0
382,0.0,10.0,10.0
383,0.0,10.0,10.0
384,0.0,10.0,10.0
385,0.0,10.0,10.0
386,0.0,10.0,10.0
387,0.0,10.0,10.0
388,0.0,10.0,10.0
389,0.0,10.0,10.0
390,0.0,10.0,10.0
391,0.0,10.0,10.0
392,0.0,10.0,10.0
393,0.0,10.0,10.0
394,0.0,10.0,10.0
395,0.0,10.0,10.0
396,0.0,10.0,10.0
397,0.0,10.0,10.0
398,0.0,10.0,10.0
399,0.0,10.0,10.0
400,0.0,10.0,10.0
401,0.0,10.0,10.0
402,0.0,10.0,10.0
403,0.0,10.0,10.0
404,0.0,10.0,10.0
405,0.0,10.0,10.0
406,0.0,10.0,10.0
407,0.0,10.0,10.0
408,0.0,10.0,10.0
409,0.0,10.0,10.0
410,0.0,10.0,10.0
411,0.0,10.0,10.0
412,0.0,10.0,10.0
413,0.0,10.0,10.0
414,0.0,10.0,10.0
415,0.0,10.0,10.0
416,0.0,10.0,10.0
417,0.0,10.0,10.0
418,0.0,10.0,10.0
419,0.0,10.0,10.0
420,0.0,10.0,10.0
421,0.0,10.0,10.0
422,0.0,10.0,10.0
423,0.0,10.0,10.0
424,0.0,10.0,10.0
425,0.0,10.0,10.0
426,0.0,10.0,10.0
427,0.0,10.0,10.0
428,0.0,10.0,10.0
429,0.0,10.0,10.0
430,0.0,10.0,10.0
431,0.0,10.0,10.0
432,0.0,10.0,10.0
433,0.0,10.0,10.0
434,0.0,10.0,10.0
435,0.0,10.0,10.0
436,0.0,10.0,10.0
437,0.0,10.0,10.0
438,0.0,10.0,10.0
439,0.0,10.0,10.0
440,0.0,10.0,10.0
441,0.0,10.0,10.0
442,0.0,10.0,10.0
443,0.0,10.0,10.0
444,0.0,10.0,10.0
445,0.0,10.0,10.0
446,0.0,10.0,10.0
447,0.0,10.0,10.0
448,0.0,10.0,10.0
449,0.0,10.0,10.0
450,0.0,10.0,10.0
451,0.0,10.0,10.0
452,0.0,10.0,10.0
453,0.0,10.0,10.0
454,0.0,10.0,10.0
455,0.0,10.0,10.0
456,0.0,10.0,10.0
457,0.0,10.0,10.0
458,0.0,10.0,10.0
459,0.0,10.0,10.0
460,0.0,10.0,10.0
461,0.0,10.0,10.0
462,0.0,10.0,10.0
463,0.0,10.0,10.0
464,0.0,10.0,10.0
465,0.0,10.0,10.0
466,0.0,10.0,10.0
467,0.0,10.0,10.0
468,0.0,10.0,10.0
469,0.0,10.0,10.0
470,0.0,10.0,10.0
471,0.0,10.0,10.0
472,0.0,10.0,10.0
473,0.0,10.0,10.0
474,0.0,10.0,10.0
475,0.0,10.0,10.0
476,0.0,10.0,10.0
477,0.0,10.0,10.0
478,0.0,10.0,10.0
479,0.0,10.0,10.0
480,0.0,10.0,10.0
481,0.0,10.0,10.0
482,0.0,10.0,10.0
483,0.0,10.0,10.0
484,0.0,10.0,10.0
485,0.0,10.0,10.0
486,0.0,10.0,10.0
487,0.0,10.0,10.0
488,0.0,10.0,10.0
489,0.0,10.0,10.0
490,0.0,10.0,10.0
491,0.0,10.0,10.0
492,0.0,10.0,10.0
493,0.0,10.0,10.0
494,0.0,10.0,10.0
495,0.0,10.0,10.0
496,0.0,10.0,10.0
497,0.0,10.0,10.0
498,0.0,10.0,10.0
499,0.0,10.0,10.0
500,0.0,10.0,10.0
501,0.0,10.0,10.0
502,0.0,10.0,10.0
503,0.0,10.0,10.0
504,0.0,10.0,10.0
505,0.0,10.0,10.0
506,0.0,10.0,10.0
507,0.0,10.0,10.0
508,0.0,10.0,10.0
509,0.0,10.0,10.0
510,0.0,10.0,10.0
511,0.0,10.0,10.0
512,0.0,10.0,10.0
513,0.0,10.0,10.0
514,0.0,10.0,10.0
515,0.0,10.0,10.0
516,0.0,10.0,10.0
517,0.0,10.0,10.0
518,0.0,10.0,10.0
519,0.0,10.0,10.0
520,0.0,10.0,10.0
521,0.0,10.0,10.0
522,0.0,10.0,10.0
523,0.0,10.0,10.0
524,0.0,10.0,10.0
525,0.0,10.0,10.0
526,0.0,10.0,10.0
527,0.0,10.0,10.0
528,0.0,10.0,10.0
529,0.0,10.0,10.0
530,0.0,10.0,10.0
531,0.0,10.0,10.0
532,0.0,10.0,10.0
533,0.0,10.0,10.0
534,0.0,10.0,10.0
535,0.0,10.0,10.0
536,0.0,10.0,10.0
537,0.0,10.0,10.0
538,0.0,10.0,10.0
539,0.0,10.0,10.0
540,0.0,10.0,10.0
541,0.0,10.0,10.0
542,0.0,10.0,10.0
543,0.0,10.0,10.0
544,0.0,10.0,10.0
545,0.0,10.0,10.0
546,0.0,10.0,10.0
547,0.0,10.0,10.0
548,0.0,10.0,10.0
549,0.0,10.0,10.0
550,0.0,10.0,10.0
551,0.0,10.0,10.0
552,0.0,10.0,10.0
553,0.0,10.0,10.0
554,0.0,10.0,10.0
555,0.0,10.0,10.0
556,0.0,10.0,10.0
557,0.0,10.0,10.0
558,0.0,10.0,10.0
559,0.0,10.0,10.0
560,0.0,10.0,10.0
561,0.0,10.0,10.0
562,0.0,10.0,10.0
563,0.0,10.0,10.0
564,0.0,10.0,10.0
565,0.0,10.0,10.0
566,0.0,10.0,10.0
567,0.0,10.0,10.0
568,0.0,10.0,10.0
569,0.0,10.0,10.0
570,0.0,10.0,10.0
571,0.0,10.0,10.0
572,0.0,10.0,10.0
573,0.0,10.0,10.0
574,0.0,10.0,10.0
575,0.0,10.0,10.0
576,0.0,10.0,10.0
577,0.0,10.0,10.0
578,0.0,10.0,10.0
579,0.0,10.0,10.0
580,0.0,10.0,10.0
581,0.0,10.0,10.0
582,0.0,10.0,10.0
583,0.0,10.0,10.0
584,0.0,10.0,10.0
585,0.0,10.0,10.0
586,0.0,10.0,10.0
587,0.0,10.0,10.0
588,0.0,10.0,10.0
589,0.0,10.0,10.0
590,0.0,10.0,10.0
591,0.0,10.0,10.0
592,0.0,10.0,10.0
593,0.0,10.0,10.0
594,0.0,10.0,10.0
595,0.0,10.0,10.0
596,0.0,10.0,10.0
597,0.0,10.0,10.0
598,0.0,10.0,10.0
599,0.0,10.0,10.0
600,0.0,10.0,10.0
601,0.0,10.0,10.0
602,0.0,10.0,10.0
603,0.0,10.0,10.0
604,0.0,10.0,10.0
605,0.0,10.0,10.0
606,0.0,10.0,10.0
607,0.0,10.0,10.0
608,0.0,10.0,10.0
609,0.0,10.0,10.0
610,0.0,10.0,10.0
611,0.0,10.0,10.0
612,0.0,10.0,10.0
613,0.0,10.0,10.0
614,0.0,10.0,10.0
615,0.0,10.0,10.0
616,0.0,10.0,10.0
617,0.0,10.0,10.0
618,0.0,10.0,10.0
619,0.0,10.0,10.0
620,0.0,10.0,10.0
621,0.0,10.0,10.0
622,0.0,10.0,10.0
623,0.0,10.0,10.0
624,0.0,10.0,10.0
625,0.0,10.0,10.0
626,0.0,10.0,10.0
627,0.0,10.0,10.0
628,0.0,10.0,10.0
629,0.0,10.0,10.0
630,0.0,10.0,10.0
631,0.0,10.0,10.0
632,0.0,10.0,10.0
633,0.0,10.0,10.0
634,0.0,10.0,10.0
635,0.0,10.0,10.0
636,0.0,10.0,10.0
637,0.0,10.0,10.0
638,0.0,10.0,10.0
639,0.0,10.0,10.0
640,0.0,10.0,10.0
641,0.0,10.0,10.0
642,0.0,10.0,10.0
643,0.0,10.0,10.0
644,0.0,10.0,10.0
645,0.0,10.0,10.0
646,0.0,10.0,10.0
647,0.0,10.0,10.0
648,0.0,10.0,10.0
649,0.0,10.0,10.0
650,0.0,10.0,10.0
651,0.0,10.0,10.0
652,0.0,10.0,10.0
653,0.0,10.0,10.0
654,0.0,10.0,10.0
655,0.0,10.0,10.0
656,0.0,10.0,10.0
657,0.0,10.0,10.0
658,0.0,10.0,10.0
659,0.0,10.0,10.0
660,0.0,10.0,10.0
661,0.0,10.0,10.0
662,0.0,10.0,10.0
663,0.0,10.0,10.0
664,0.0,10.0,10.0
665,0.0,10.0,10.0
666,0.0,10.0,10.0
667,0.0,10.0,10.0
668,0.0,10.0,10.0
669,0.0,10.0,10.0
670,0.0,10.0,10.0
671,0.0,10.0,10.0
672,0.0,10.0,10.0
673,0.0,10.0,10.0
674,0.0,10.0,10.0
675,0.0,10.0,10.0
676,0.0,10.0,10.0
677,0.0,10.0,10.0
678,0.0,10.0,10.0
679,0.0,10.0,10.0
680,0.0,10.0,10.0
681,0.0,10.0,10.0
682,0.0,10.0,10.0
683,0.0,10.0,10.0
684,0.0,10.0,10.0
685,0.0,10.0,10.0
686,0.0,10.0,10.0
687,0.0,10.0,10.0
688,0.0,10.0,10.0
689,0.0,10.0,10.0
690,0.0,10.0,10.0
691,0.0,10.0,10.0
692,0.0,10.0,10.0
693,0.0,10.0,10.0
694,0.0,10.0,10.0
695,0.0,10.0,10.0
696,0.0,10.0,10.0
697,0.0,10.0,10.0
698,0.0,10.0,10.0
699,0.0,10.0,10.0
700,0.0,10.0,10.0
701,0.0,10.0,10.0
702,0.0,10.0,10.0
703,0.0,10.0,10.0
704,0.0,10.0,10.0
705,0.0,10.0,10.0
706,0.0,10.0,10.0
707,0.0,10.0,10.0
708,0.0,10.0,10.0
709,0.0,10.0,10.0
710,0.0,10.0,10.0
711,0.0,10.0,10.0
712,0.0,10.0,10.0
713,0.0,10.0,10.0
714,0.0,10.0,10.0
715,0.0,10.0,10.0
716,0.0,10.0,10.0
717,0.0,10.0,10.0
718,0.0,10.0,10.0
719,0.0,10.0,10.0
720,0.0,10.0,10.0
721,0.0,10.0,10.0
722,0.0,10.0,10.0
723,0.0,10.0,10.0
724,0.0,10.0,10.0
725,0.0,10.0,10.0
726,0.0,10.0,10.0
727,0.0,10.0,10.0
728,0.0,10.0,10.0
729,0.0,10.0,10.0
730,0.0,10.0,10.0
731,0.0,10.0,10.0
732,0.0,10.0,10.0
733,0.0,10.0,10.0
734,0.0,10.0,10.0
735,0.0,10.0,10.0
736,0.0,10.0,10.0
737,0.0,10.0,10.0
738,0.0,10.0,10.0
739,0.0,10.0,10.0
740,0.0,10.0,10.0
741,0.0,10.0,10.0
742,0.0,10.0,10.0
743,0.0,10.0,10.0
744,0.0,10.0,10.0
745,0.0,10.0,10.0
746,0.0,10.0,10.0
747,0.0,10.0,10.0
748,0.0,10.0,10.0
749,0.0,10.0,10.0
750,0.0,10.0,10.0
751,0.0,10.0,10.0
752,0.0,10.0,10.0
753,0.0,10.0,10.0
754,0.0,10.0,10.0
755,0.0,10.0,10.0
756,0.0,10.0,10.0
757,0.0,10.0,10.0
758,0.0,10.0,10.0
759,0.0,10.0,10.0
760,0.0,10.0,10.0
761,0.0,10.0,10.0
762,0.0,10.0,10.0
763,0.0,10.0,10.0
764,0.0,10.0,10.0
765,0.0,10.0,10.0
766,0.0,10.0,10.0
767,0.0,10.0,10.0
768,0.0,10.0,10.0
769,0.0,10.0,10.0
770,0.0,10.0,10.0
771,0.0,10.0,10.0
772,0.0,10.0,10.0
773,0.0,10.0,10.0
774,0.0,10.0,10.0
775,0.0,10.0,10.0
776,0.0,10.0,10.0
777,0.0,10.0,10.0
778,0.0,10.0,10.0
779,0.0,10.0,10.0
780,0.0,10.0,10.0
781,0.0,10.0,10.0
782,0.0,10.0,10.0
783,0.0,10.0,10.0
784,0.0,10.0,10.0
785,0.0,10.0,10.0
786,0.0,10.0,10.0
787,0.0,10.0,10.0
788,0.0,10.0,10.0
789,0.0,10.0,10.0
790,0.0,10.0,10.0
791,0.0,10.0,10.0
792,0.0,10.0,10.0
793,0.0,10.0,10.0
794,0.0,10.0,10.0
795,0.0,10.0,10.0
796,0.0,10.0,10.0
797,0.0,10.0,10.0
798,0.0,10.0,10.0
799,0.0,10.0,10.0
800,0.0,10.0,10.0
801,0.0,10.0,10.0
802,0.0,10.0,10.0
803,0.0,10.0,10.0
804,0.0,10.0,10.0
805,0.0,10.0,10.0
806,0.0,10.0,10.0
807,0.0,10.0,10.0
808,0.0,10.0,10.0
809,0.0,10.0,10.0
810,0.0,10.0,10.0
811,0.0,10.0,10.0
812,0.0,10.0,10.0
813,0.0,10.0,10.0
814,0.0,10.0,10.0
815,0.0,10.0,10.0
816,0.0,10.0,10.0
817,0.0,10.0,10.0
818,0.0,10.0,10.0
819,0.0,10.0,10.0
820,0.0,10.0,10.0
821,0.0,10.0,10.0
822,0.0,10.0,10.0
823,0.0,10.0,10.0
824,0.0,10.0,10.0
825,0.0,10.0,10.0
826,0.0,10.0,10.0
827,0.0,10.0,10.0
828,0.0,10.0,10.0
829,0.0,10.0,10.0
830,0.0,10.0,10.0
831,0.0,10.0,10.0
832,0.0,10.0,10.0
833,0.0,10.0,10.0
834,0.0,10.0,10.0
835,0.0,10.0,10.0
836,0.0,10.0,10.0
837,0.0,10.0,10.0
838,0.0,10.0,10.0
839,0.0,10.0,10.0
840,0.0,10.0,10.0
841,0.0,10.0,10.0
842,0.0,10.0,10.0
843,0.0,10.0,10.0
844,0.0,10.0,10.0
845,0.0,10.0,10.0
846,0.0,10.0,10.0
847,0.0,10.0,10.0
848,0.0,10.0,10.0
849,0.0,10.0,10.0
850,0.0,10.0,10.0
851,0.0,10.0,10.0
852,0.0,10.0,10.0
853,0.0,10.0,10.0
854,0.0,10.0,10.0
855,0.0,10.0,10.0
856,0.0,10.0,10.0
857,0.0,10.0,10.0
858,0.0,10.0,10.0
859,0.0,10.0,10.0
860,0.0,10.0,10.0
861,0.0,10.0,10.0
862,0.0,10.0,10.0
863,0.0,10.0,10.0
864,0.0,10.0,10.0
865,0.0,10.0,10.0
866,0.0,10.0,10.0
867,0.0,10.0,10.0
868,0.0,10.0,10.0
869,0.0,10.0,10.0
870,0.0,10.0,10.0
871,0.0,10.0,10.0
872,0.0,10.0,10.0
873,0.0,10.0,10.0
874,0.0,10.0,10.0
875,0.0,10.0,10.0
876,0.0,10.0,10.0
877,0.0,10.0,10.0
878,0.0,10.0,10.0
879,0.0,10.0,10.0
880,0.0,10.0,10.0
881,0.0,10.0,10.0
882,0.0,10.0,10.0
883,0.0,10.0,10.0
884,0.0,10.0,10.0
885,0.0,10.0,10.0
886,0.0,10.0,10.0
887,0.0,10.0,10.0
888,0.0,10.0,10.0
889,0.0,10.0,10.0
890,0.0,10.0,10.0
891,0.0,10.0,10.0
892,0.0,10.0,10.0
893,0.0,10.0,10.0
894,0.0,10.0,10.0
895,0.0,10.0,10.0
896,0.0,10.0,10.0
897,0.0,10.0,10.0
898,0.0,10.0,10.0
899,0.0,10.0,10.0
900,0.0,10.0,10.0
901,0.0,10.0,10.0
902,0.0,10.0,10.0
903,0.0,10.0,10.0
904,0.0,10.0,10.0
905,0.0,10.0,10.0
906,0.0,10.0,10.0
907,0.0,10.0,10.0
908,0.0,10.0,10.0
909,0.0,10.0,10.0
910,0.0,10.0,10.0
911,0.0,10.0,10.0
912,0.0,10.0,10.0
913,0.0,10.0,10.0
914,0.0,10.0,10.0
915,0.0,10.0,10.0
916,0.0,10.0,10.0
917,0.0,10.0,10.0
918,0.0,10.0,10.0
919,0.0,10.0,10.0
920,0.0,10.0,10.0
921,0.0,10.0,10.0
922,0.0,10.0,10.0
923,0.0,10.0,10.0
924,0.0,10.0,10.0
925,0.0,10.0,10.0
926,0.0,10.0,10.0
927,0.0,10.0,10.0
928,0.0,10.0,10.0
929,0.0,10.0,10.0
930,0.0,10.0,10.0
931,0.0,10.0,10.0
932,0.0,10.0,10.0
933,0.0,10.0,10.0
934,0.0,10.0,10.0
935,0.0,10.0,10.0
936,0.0,10.0,10.0
937,0.0,10.0,10.0
938,0.0,10.0,10.0
939,0.0,10.0,10.0
940,0.0,10.0,10.0
941,0.0,10.0,10.0
942,0.0,10.0,10.0
943,0.0,10.0,10.0
944,0.0,10.0,10.0
945,0.0,10.0,10.0
946,0.0,10.0,10.0
947,0.0,10.0,10.0
948,0.0,10.0,10.0
949,0.0,10.0,10.0
950,0.0,10.0,10.0
951,0.0,10.0,10.0
952,0.0,10.0,10.0
953,0.0,10.0,10.0
954,0.0,10.0,10.0
955,0.0,10.0,10.0
956,0.0,10.0,10.0
957,0.0,10.0,10.0
958,0.0,10.0,10.0
959,0.0,10.0,10.0
960,0.0,10.0,10.0
961,0.0,10.0,10.0
962,0.0,10.0,10.0
963,0.0,10.0,10.0
964,0.0,10.0,10.0
965,0.0,10.0,10.0
966,0.0,10.0,10.0
967,0.0,10.0,10.0
968,0.0,10.0,10.0
969,0.0,10.0,10.0
970,0.0,10.0,10.0
971,0.0,10.0,10.0
972,0.0,10.0,10.0
973,0.0,10.0,10.0
974,0.0,10.0,10.0
975,0.0,10.0,10.0
976,0.0,10.0,10.0
977,0.0,10.0,10.0
978,0.0,10.0,10.0
979,0.0,10.0,10.0
980,0.0,10.0,10.0
981,0.0,10.0,10.0
982,0.0,10.0,10.0
983,0.0,10.0,10.0
984,0.0,10.0,10.0
985,0.0,10.0,10.0
986,0.0,10.0,10.0
987,0.0,10.0,10.0
988,0.0,10.0,10.0
989,0.0,10.0,10.0
990,0.0,10.0,10.0
991,0.0,10.0,10.0
992,0.0,10.0,10.0
993,0.0,10.0,10.0
994,0.0,10.0,10.0
995,0.0,10.0,10.0
996,0.0,10.0,10.0
997,0.0,10.0,10.0
998,0.0,10.0,10.0
999,0.0,10.0,10.0
