month,Q,W,D,E_rate,physical_ds,W_std,D_std,month_int
201601,7883.87,753.27,4.671210194287235,6.851391e-05,0.000261,329.94,2.6302,201601
201602,7281.72,775.36,4.0164788474499336,9.235649e-05,0.000251,317.9,2.9618,201602
201603,8389.68,764.7,4.671210194287235,6.606032e-05,0.000251,338.8,1.9009,201603
201604,12330.33,770.41,5.868051379394531,6.972584e-05,0.000247,339.57,3.019,201604
201605,15554.84,765.74,5.394370541000993,9.353432e-05,0.000239,333.6,2.1698,201605
201606,19106.67,781.31,5.595602314646651,7.311566e-05,0.000252,334.5,2.4044,201606
201607,23845.16,770.71,6.348606868999001,5.320346e-05,0.000256,333.51,2.8086,201607
201608,19116.13,784.47,7.5584990700699,8.212041e-05,0.000269,341.28,2.3448,201608
201609,10651.0,752.49,4.671210194287235,8.539277e-05,0.000275,347.93,2.5147,201609
201610,9449.35,775.89,4.671210194287235,6.552254e-05,0.000276,335.63,1.9823,201610
201611,10181.0,771.02,4.671210194287235,6.039009e-05,0.000268,334.57,2.4254,201611
201612,7257.42,771.15,4.671210194287235,9.156854e-05,0.000258,333.75,2.6799,201612
201701,6621.94,735.83,4.671210194287235,7.333818e-05,0.000245,319.6,2.3569,201701
201702,6928.93,731.94,4.671210194287235,9.813655e-05,0.000245,317.14,2.3791,201702
201703,8316.13,743.2,4.671210194287235,8.39517e-05,0.000245,319.65,2.0908,201703
201704,11050.33,781.13,4.671210194287235,7.037631e-05,0.000243,338.9,1.8522,201704
201705,14612.9,782.61,5.16861808637216,7.614014e-05,0.000241,340.57,2.3588,201705
201706,17260.0,783.36,6.348606868999001,7.451246e-05,0.000251,337.68,2.4131,201706
201707,19141.94,789.85,7.160641562444116,5.853867e-05,0.000255,337.56,2.455,201707
201708,16751.61,789.91,6.078250634519359,5.631878e-05,0.00027,335.43,2.779,201708
201709,17656.67,787.95,6.267371293902397,6.336192e-05,0.000274,336.24,2.445,201709
201710,19745.16,790.47,6.3415544658899305,6.891198e-05,0.000271,339.23,2.0873,201710
201711,10034.0,774.76,5.0445359430393255,0.000109232,0.000265,345.15,2.6489,201711
201712,7266.77,771.61,4.671210194287235,0.0001334349,0.000257,339.54,2.4918,201712
201801,8172.26,724.43,4.671210194287235,7.029506e-05,0.000249,357.8,2.2942,201801
201802,7878.57,729.23,4.671210194287235,6.989628e-05,0.000245,354.31,2.2839,201802
201803,7938.39,738.68,4.671210194287235,5.859904e-05,0.00024,358.18,2.3471,201803
201804,9679.0,733.15,4.3808242526789885,6.877774e-05,0.000239,350.08,2.3113,201804
201805,15677.42,736.56,5.463282029225517,7.78132e-05,0.000242,352.21,2.3085,201805
201806,15026.67,737.88,5.678811826366437,7.13367e-05,0.00025,354.19,2.3451,201806
201807,29990.32,762.25,6.798073441277287,7.04794e-05,0.000254,347.0,2.2611,201807
201808,23654.84,758.18,6.348606868999001,5.64121e-05,0.00027,345.52,1.6925,201808
201809,14590.0,750.29,4.879397970943128,7.450963e-05,0.000273,346.17,2.2001,201809
201810,14129.35,744.11,5.250746258880056,6.847644e-05,0.000266,350.35,2.265,201810
201811,10109.0,736.81,4.803477688583036,0.0001011802,0.000262,357.56,2.0554,201811
201812,7017.1,710.18,4.671210194287235,0.0001135201,0.000256,355.8,2.2179,201812
201901,8611.94,745.91,4.82222101441466,7.752791e-05,0.000252,340.52,2.4798,201901
201902,7200.71,741.7,4.671210194287235,7.203508e-05,0.000246,341.35,2.4411,201902
201903,8227.42,769.36,4.926276050444988,6.143346e-05,0.000235,343.12,2.4794,201903
201904,10184.67,769.25,4.7995793502078525,6.399941e-05,0.000235,336.27,2.6193,201904
201905,14430.32,777.01,4.671210194287235,6.505965e-05,0.000244,335.92,2.7021,201905
201906,17073.33,775.89,6.515954120659534,6.058025e-05,0.000249,341.47,2.4149,201906
201907,21312.9,774.64,6.805676132927678,5.590544e-05,0.000254,341.62,2.5523,201907
201908,21845.16,785.12,6.889629622827941,9.484742e-05,0.00027,342.18,2.4244,201908
201909,14570.0,774.09,4.671210194287235,6.919077e-05,0.000272,339.73,2.4505,201909
201910,13254.84,783.47,4.671210194287235,6.846085e-05,0.000262,343.58,2.4054,201910
201911,10017.33,782.33,4.671210194287235,7.352693e-05,0.000259,339.69,2.5663,201911
201912,7167.74,774.41,4.635838628019722,9.980519e-05,0.000256,333.93,2.4035,201912
202001,8071.94,691.83,3.922817677627375,0.0001583085,0.000256,290.59,4.151,202001
202002,7108.62,686.87,3.7556940078735352,0.0001640312,0.000246,293.57,3.2458,202002
202003,9470.65,696.7,4.085397258557771,0.0001428245,0.000245,289.62,4.1869,202003
202004,10018.67,676.32,3.7556940078735352,8.42176e-05,0.000242,298.15,2.9016,202004
202005,10237.42,675.11,3.4179732924559665,0.0001434934,0.000234,301.79,3.2383,202005
202006,18983.33,675.82,3.204622115531977,0.0003775932,0.000247,306.19,3.4339,202006
202007,30990.32,783.04,7.111356196136693,9.980519e-05,0.000251,336.55,2.1541,202007
202008,34106.45,684.91,7.816732751957885,0.0001295643,0.000264,301.4,3.2105,202008
202009,22660.0,682.43,7.269592991281063,9.119084e-05,0.00027,298.87,4.1603,202009
202010,17964.52,675.07,6.872755815291546,6.29751e-05,0.000271,304.79,3.171,202010
202011,10571.67,683.5,4.671210194287235,5.07168e-05,0.000262,296.35,2.8185,202011
202012,8130.0,678.25,4.671210194287235,0.00010628,0.000253,301.36,3.1025,202012
202101,9342.17,676.27,5.132729063034057,0.0001469573,0.00024,304.2,4.3779,202101
202102,6787.77,699.27,4.99215767395637,0.0002405983,0.000239,288.35,3.6373,202102
202103,7631.37,676.29,4.81905119016995,5.914119e-05,0.00024,300.8,2.6126,202103
202104,11164.97,678.83,5.142664442062378,0.0001598622,0.000238,301.57,2.9823,202104
202105,14415.28,681.89,5.887905084169828,0.0001336222,0.000235,297.54,3.0433,202105
202106,13276.58,682.15,5.982954925876733,7.511154e-05,0.000246,297.82,3.4765,202106
202107,24597.26,680.01,6.9738566711871295,8.409771e-05,0.00025,305.28,3.0229,202107
202108,21688.7,680.45,6.834844118772963,7.753251e-05,0.000264,303.31,3.0215,202108
202109,25293.09,684.74,6.933207964967073,5.562368e-05,0.000269,300.66,3.1036,202109
202110,17004.86,684.55,5.9408812158426665,0.0001648937,0.000266,298.56,3.0677,202110
202111,10699.34,670.54,5.087154580442697,0.0001653467,0.000259,304.39,4.3824,202111
202112,7931.94,671.91,4.671210194287235,0.0002409272,0.000252,300.42,3.0629,202112
202201,7100.3,669.83,4.671210194287235,0.0001279084,0.000244,302.11,2.8322,202201
202202,7215.76,674.9,4.671210194287235,9.609262e-05,0.00024,302.96,4.3199,202202
202203,9062.99,678.26,4.671210194287235,6.13374e-05,0.000235,301.5,3.0728,202203
202204,11314.31,679.48,4.814511700423856,0.0002276169,0.000234,301.52,3.1186,202204
202205,18876.42,680.11,6.112663196726433,6.920191e-05,0.000237,297.67,3.1443,202205
202206,17895.08,677.35,6.571912072187552,0.0001765607,0.000244,302.35,3.2495,202206
202207,16278.75,684.25,6.348606868999001,7.859266e-05,0.000249,296.52,3.3903,202207
202208,12468.83,676.42,5.4820989858908735,0.0001151137,0.000265,301.1,3.1512,202208
202209,7908.47,678.76,5.025619914636066,9.293202e-05,0.000268,296.87,3.9776,202209
202210,8774.36,676.98,5.376568120236844,5.125986e-05,0.000261,297.43,3.2735,202210
202211,7042.58,675.36,4.771403996203946,4.704665e-05,0.000256,298.68,4.2509,202211
202212,7100.3,677.92,5.366472590481094,0.0001057005,0.000251,295.23,3.1506,202212
202301,7271.67,679.45,4.671210194287235,0.0001187467,0.000247,292.18,3.1261,202301
202302,6463.71,675.47,4.671210194287235,7.608083e-05,0.00024,299.01,4.2838,202302
202303,7120.18,674.79,3.911469388766339,4.694467e-05,0.00023,295.76,3.143,202303
202304,6867.69,678.72,4.623793721403511,8.881823e-05,0.000229,298.25,3.6335,202304
202305,10099.54,678.24,4.671210194287235,6.042371e-05,0.000238,291.69,3.9817,202305
202306,12523.43,677.92,4.671210194287235,0.0001498103,0.000243,295.72,3.4875,202306
202307,13987.86,680.23,4.671210194287235,8.533832e-05,0.000248,296.47,3.4303,202307
202308,17724.69,676.43,4.671210194287235,6.461284e-05,0.000265,300.77,3.0835,202308
202309,13735.38,680.77,4.671210194287235,8.323504e-05,0.000267,297.15,3.2339,202309
202310,14694.83,677.48,4.671210194287235,7.339815e-05,0.000256,300.82,3.1814,202310
202311,9594.56,673.28,4.671210194287235,0.0001093021,0.000253,298.26,4.0577,202311
202312,8685.61,677.3,4.540183470421231,0.0002276066,0.00025,298.36,3.2615,202312
202401,7721.05,671.89,4.671210194287235,0.0001396658,0.000251,295.8,3.4576,202401
202402,7346.24,673.85,4.624480366911324,0.0001913581,0.00024,298.47,3.1826,202402
202403,7945.93,670.37,3.998378108924544,0.0001033973,0.00024,295.56,3.1651,202403
202404,9595.09,681.14,4.16301001767561,0.0002120733,0.000237,300.97,4.2795,202404
202405,13568.05,680.74,5.564764926798569,9.225522e-05,0.000229,302.66,3.2583,202405
202406,14317.67,679.65,5.028899498947529,0.0001904151,0.000242,300.26,3.2137,202406
202407,27286.03,692.25,6.994288896405419,9.980519e-05,0.000246,303.72,2.528,202407
202408,18440.56,668.59,6.2523709656860165,0.0001163193,0.000259,304.81,2.9848,202408
202409,9819.97,662.48,4.671210194287235,0.0001235347,0.000265,304.49,3.2076,202409
202410,7571.12,674.33,4.3199037710825605,6.124532e-05,0.000265,297.37,2.9922,202410
202411,7046.39,672.68,4.306876579920451,6.926359e-05,0.000257,292.41,2.331,202411
202412,7346.24,668.9,4.671210194287235,9.980519e-05,0.000248,292.15,3.1072,202412
