month,WSE,bed_mode,D_eff,D_eff_raw,scale,n_total,n_positive,positive_fraction
201601,25.0,segmented,4.671210194287235,4.671210194287235,1.0,1000,730,0.73
201602,24.28551254272461,segmented,4.0164788474499336,4.0164788474499336,1.0,1000,708,0.708
201603,25.0,segmented,4.671210194287235,4.671210194287235,1.0,1000,730,0.73
201604,26.396423721313475,segmented,5.868051379394531,5.868051379394531,1.0,1000,779,0.779
201605,25.831929779052736,segmented,5.394370541000993,5.394370541000993,1.0,1000,759,0.759
201606,26.06709289550781,segmented,5.595602314646651,5.595602314646651,1.0,1000,767,0.767
201607,27.0,segmented,6.348606868999001,6.348606868999001,1.0,1000,803,0.803
201608,28.772010803222656,segmented,7.5584990700699,7.5584990700699,1.0,1000,889,0.889
201609,25.0,segmented,4.671210194287235,4.671210194287235,1.0,1000,730,0.73
201610,25.0,segmented,4.671210194287235,4.671210194287235,1.0,1000,730,0.73
201611,25.0,segmented,4.671210194287235,4.671210194287235,1.0,1000,730,0.73
201612,25.0,segmented,4.671210194287235,4.671210194287235,1.0,1000,730,0.73
201701,25.0,segmented,4.671210194287235,4.671210194287235,1.0,1000,730,0.73
201702,25.0,segmented,4.671210194287235,4.671210194287235,1.0,1000,730,0.73
201703,25.0,segmented,4.671210194287235,4.671210194287235,1.0,1000,730,0.73
201704,25.0,segmented,4.671210194287235,4.671210194287235,1.0,1000,730,0.73
201705,25.566006469726563,segmented,5.16861808637216,5.16861808637216,1.0,1000,749,0.749
201706,27.0,segmented,6.348606868999001,6.348606868999001,1.0,1000,803,0.803
201707,28.257219314575195,segmented,7.160641562444116,7.160641562444116,1.0,1000,873,0.873
201708,26.651369094848636,segmented,6.078250634519359,6.078250634519359,1.0,1000,788,0.788
201709,26.89363899230957,segmented,6.267371293902397,6.267371293902397,1.0,1000,798,0.798
201710,26.974802780151368,segmented,6.3415544658899305,6.3415544658899305,1.0,1000,800,0.8
201711,25.41758613586426,segmented,5.0445359430393255,5.0445359430393255,1.0,1000,743,0.743
201712,25.0,segmented,4.671210194287235,4.671210194287235,1.0,1000,730,0.73
201801,25.0,segmented,4.671210194287235,4.671210194287235,1.0,1000,730,0.73
201802,25.0,segmented,4.671210194287235,4.671210194287235,1.0,1000,730,0.73
201803,25.0,segmented,4.671210194287235,4.671210194287235,1.0,1000,730,0.73
201804,24.68379020690918,segmented,4.3808242526789885,4.3808242526789885,1.0,1000,721,0.721
201805,25.906194305419923,segmented,5.463282029225517,5.463282029225517,1.0,1000,761,0.761
201806,26.170917892456057,segmented,5.678811826366437,5.678811826366437,1.0,1000,772,0.772
201807,27.670798110961915,segmented,6.798073441277287,6.798073441277287,1.0,1000,839,0.839
201808,27.0,segmented,6.348606868999001,6.348606868999001,1.0,1000,803,0.803
201809,25.22920799255371,segmented,4.879397970943128,4.879397970943128,1.0,1000,736,0.736
201810,25.65305862426758,segmented,5.250746258880056,5.250746258880056,1.0,1000,751,0.751
201811,25.14249992370605,segmented,4.803477688583036,4.803477688583036,1.0,1000,733,0.733
201812,25.0,segmented,4.671210194287235,4.671210194287235,1.0,1000,730,0.73
201901,25.16841163635254,segmented,4.82222101441466,4.82222101441466,1.0,1000,735,0.735
201902,25.0,segmented,4.671210194287235,4.671210194287235,1.0,1000,730,0.73
201903,25.2796932220459,segmented,4.926276050444988,4.926276050444988,1.0,1000,737,0.737
201904,25.135152435302736,segmented,4.7995793502078525,4.7995793502078525,1.0,1000,732,0.732
201905,25.0,segmented,4.671210194287235,4.671210194287235,1.0,1000,730,0.73
201906,27.205784225463866,segmented,6.515954120659534,6.515954120659534,1.0,1000,810,0.81
201907,27.67840003967285,segmented,6.805676132927678,6.805676132927678,1.0,1000,839,0.839
201908,27.805905151367188,segmented,6.889629622827941,6.889629622827941,1.0,1000,846,0.846
201909,25.0,segmented,4.671210194287235,4.671210194287235,1.0,1000,730,0.73
201910,25.0,segmented,4.671210194287235,4.671210194287235,1.0,1000,730,0.73
201911,25.0,segmented,4.671210194287235,4.671210194287235,1.0,1000,730,0.73
201912,24.957405853271485,segmented,4.635838628019722,4.635838628019722,1.0,1000,727,0.727
202001,24.18879814147949,segmented,3.922817677627375,3.922817677627375,1.0,1000,707,0.707
202002,24.0,segmented,3.7556940078735352,3.7556940078735352,1.0,1000,700,0.7
202003,24.364012908935543,segmented,4.085397258557771,4.085397258557771,1.0,1000,712,0.712
202004,24.0,segmented,3.7556940078735352,3.7556940078735352,1.0,1000,700,0.7
202005,23.632822036743164,segmented,3.4179732924559665,3.4179732924559665,1.0,1000,689,0.689
202006,23.403182220458984,segmented,3.204622115531977,3.204622115531977,1.0,1000,684,0.684
202007,28.19288864135742,segmented,7.111356196136693,7.111356196136693,1.0,1000,871,0.871
202008,29.07913818359375,segmented,7.816732751957885,7.816732751957885,1.0,1000,896,0.896
202009,28.41179656982422,segmented,7.269592991281063,7.269592991281063,1.0,1000,879,0.879
202010,27.774877548217773,segmented,6.872755815291546,6.872755815291546,1.0,1000,844,0.844
202011,25.0,segmented,4.671210194287235,4.671210194287235,1.0,1000,730,0.73
202012,25.0,segmented,4.671210194287235,4.671210194287235,1.0,1000,730,0.73
202101,25.52594604492188,segmented,5.132729063034057,5.132729063034057,1.0,1000,748,0.748
202102,25.35751609802246,segmented,4.9921576739563704,4.9921576739563704,1.0,1000,741,0.741
202103,25.158072662353515,segmented,4.81905119016995,4.81905119016995,1.0,1000,733,0.733
202104,25.53588027954101,segmented,5.142664442062378,5.142664442062378,1.0,1000,748,0.748
202105,26.41712341308594,segmented,5.887905084169828,5.887905084169828,1.0,1000,780,0.78
202106,26.539289474487305,segmented,5.982954925876733,5.982954925876733,1.0,1000,785,0.785
202107,27.9489990234375,segmented,6.9738566711871295,6.9738566711871295,1.0,1000,855,0.855
202108,27.71588897705078,segmented,6.834844118772963,6.834844118772963,1.0,1000,841,0.841
202109,27.886603927612303,segmented,6.933207964967073,6.933207964967073,1.0,1000,852,0.852
202110,26.49176406860352,segmented,5.9408812158426665,5.9408812158426665,1.0,1000,784,0.784
202111,25.464141845703125,segmented,5.087154580442697,5.087154580442697,1.0,1000,744,0.744
202112,25.0,segmented,4.671210194287235,4.671210194287235,1.0,1000,730,0.73
202201,25.0,segmented,4.671210194287235,4.671210194287235,1.0,1000,730,0.73
202202,25.0,segmented,4.671210194287235,4.671210194287235,1.0,1000,730,0.73
202203,25.0,segmented,4.671210194287235,4.671210194287235,1.0,1000,730,0.73
202204,25.15353355407715,segmented,4.814511700423856,4.814511700423856,1.0,1000,733,0.733
202205,26.697982025146484,segmented,6.112663196726433,6.112663196726433,1.0,1000,791,0.791
202206,27.28732223510742,segmented,6.571912072187552,6.571912072187552,1.0,1000,814,0.814
202207,27.0,segmented,6.348606868999001,6.348606868999001,1.0,1000,803,0.803
202208,25.92971000671387,segmented,5.4820989858908735,5.4820989858908735,1.0,1000,762,0.762
202209,25.394819259643555,segmented,5.025619914636066,5.025619914636066,1.0,1000,742,0.742
202210,25.80511779785156,segmented,5.376568120236844,5.376568120236844,1.0,1000,757,0.757
202211,25.1069766998291,segmented,4.771403996203946,4.771403996203946,1.0,1000,732,0.732
202212,25.79054336547852,segmented,5.366472590481094,5.366472590481094,1.0,1000,756,0.756
202301,25.0,segmented,4.671210194287235,4.671210194287235,1.0,1000,730,0.73
202302,25.0,segmented,4.671210194287235,4.671210194287235,1.0,1000,730,0.73
202303,24.17438621520996,segmented,3.9114693887663394,3.9114693887663394,1.0,1000,706,0.706
202304,24.94536018371582,segmented,4.623793721403511,4.623793721403511,1.0,1000,727,0.727
202305,25.0,segmented,4.671210194287235,4.671210194287235,1.0,1000,730,0.73
202306,25.0,segmented,4.671210194287235,4.671210194287235,1.0,1000,730,0.73
202307,25.0,segmented,4.671210194287235,4.671210194287235,1.0,1000,730,0.73
202308,25.0,segmented,4.671210194287235,4.671210194287235,1.0,1000,730,0.73
202309,25.0,segmented,4.671210194287235,4.671210194287235,1.0,1000,730,0.73
202310,25.0,segmented,4.671210194287235,4.671210194287235,1.0,1000,730,0.73
202311,25.0,segmented,4.671210194287235,4.671210194287235,1.0,1000,730,0.73
202312,24.85855712890625,segmented,4.540183470421231,4.540183470421231,1.0,1000,726,0.726
202401,25.0,segmented,4.671210194287235,4.671210194287235,1.0,1000,730,0.73
202402,24.946046829223636,segmented,4.624480366911324,4.624480366911324,1.0,1000,727,0.727
202403,24.267412185668945,segmented,3.9983781089245434,3.9983781089245434,1.0,1000,708,0.708
202404,24.444641876220704,segmented,4.16301001767561,4.16301001767561,1.0,1000,713,0.713
202405,26.03136444091797,segmented,5.564764926798569,5.564764926798569,1.0,1000,766,0.766
202406,25.40194969177246,segmented,5.028899498947529,5.028899498947529,1.0,1000,743,0.743
202407,28.0,segmented,6.994288896405419,6.994288896405419,1.0,1000,860,0.86
202408,26.872637939453124,segmented,6.2523709656860165,6.2523709656860165,1.0,1000,797,0.797
202409,25.0,segmented,4.671210194287235,4.671210194287235,1.0,1000,730,0.73
202410,24.61645088195801,segmented,4.3199037710825605,4.3199037710825605,1.0,1000,718,0.718
202411,24.60342330932617,segmented,4.306876579920451,4.306876579920451,1.0,1000,718,0.718
202412,25.0,segmented,4.671210194287235,4.671210194287235,1.0,1000,730,0.73
