Year,Month,Mean_WSE,StdDev_WSE,Mean_Depth,StdDev_Depth,Pixel_Count,Mean_Depth_Along,StdDev_Depth_Along,Valid_Nodes
2016,1,22.0,4.3266397,4.0,4.3266397,2130799,0.8171646192426512,2.14005976506203,676
2016,2,22.0,4.3283777,4.0,4.3283777,2134117,0.8924590038583298,2.0780643131225554,726
2016,3,22.0,4.330594,4.0,4.330594,2142318,0.7427053512039408,2.015427814878256,686
2016,4,22.0,4.3276114,4.0,4.3276114,2146846,1.019414845645789,2.390901542937072,660
2016,5,22.0,4.3332806,4.0,4.3332806,2147828,0.8055968231242301,2.0711591692030233,742
2016,6,22.0,4.3345504,4.0,4.3345504,2149910,0.7328530744224321,2.026883963921218,703
2016,7,22.0,4.328922,4.0,4.328922,2150968,0.6821957143370869,1.9099374024751177,684
2016,8,22.0,4.3277426,4.0,4.3277426,2161096,0.7863942613110099,2.140417664062192,679
2016,9,22.0,4.315275,4.0,4.315275,2119648,1.0323679309331342,2.3175504670356797,661
2016,10,22.0,4.33282,4.0,4.33282,2150632,0.7639998614031742,2.02028185185651,662
2016,11,22.0,4.3300295,4.0,4.3300295,2146817,0.5874188325056473,1.6027831897997824,677
2016,12,22.0,4.3292537,4.0,4.3292537,2142990,0.6797030613280558,1.9051015893601326,706
2017,1,22.0,4.324995,4.0,4.324995,2136287,0.8659568619701744,2.029425586088925,724
2017,2,22.0,4.329036,4.0,4.329036,2144153,0.9176916535070191,2.285313385089688,661
2017,3,22.0,4.326491,4.0,4.326491,2140139,0.5307361019225348,1.4564947219798579,672
2017,4,22.0,4.3320403,4.0,4.3320403,2155901,0.6814787381944202,1.9360827043805973,672
2017,5,22.0,4.3312225,4.0,4.3312225,2151251,0.8685093588211956,2.300515406395688,680
2017,6,22.0,4.331653,4.0,4.331653,2153360,0.9893301995508992,2.5848045766687493,663
2017,7,22.0,4.33123,4.0,4.33123,2161849,0.6991014934494382,1.8731909177135468,672
2017,8,22.0,4.334811,4.0,4.334811,2161642,0.8011858072812256,2.1288839550837593,682
2017,9,22.0,4.331489,4.0,4.331489,2152820,0.8093000255976676,2.214626929965809,691
2017,10,22.0,4.335996,4.0,4.335996,2161036,0.8265446923169991,2.328768401756779,677
2017,11,22.0,4.327466,4.0,4.327466,2144673,0.6637167849323966,1.877551363942344,704
2017,12,22.0,4.328265,4.0,4.328265,2144026,0.834390552137457,2.108740249223962,627
2018,1,22.0,4.3262267,4.0,4.3262267,2126212,0.8889793067907753,2.2596854895560696,626
2018,2,22.0,4.325566,4.0,4.325566,2131554,0.626427851965668,1.6088700427251303,654
2018,3,22.0,4.327834,4.0,4.327834,2138317,0.7208222412017731,2.057459278797016,666
2018,4,22.0,4.3356266,4.0,4.3356266,2141180,0.8362855011077971,2.265831012789417,666
2018,5,22.0,4.3286505,4.0,4.3286505,2150391,0.6138366087241441,1.7690463450301621,657
2018,6,22.0,4.3281217,4.0,4.3281217,2141239,0.9191559128523573,2.4387091874004336,682
2018,7,22.0,4.3362556,4.0,4.3362556,2164012,0.7917514280207018,2.067245974822295,680
2018,8,22.0,4.3370852,4.0,4.3370852,2155965,0.7030892719623785,1.9535425489565825,677
2018,9,22.0,4.336039,4.0,4.336039,2157861,0.8459715339827713,2.043742756605133,685
2018,10,22.0,4.330966,4.0,4.330966,2145229,0.9139942398879244,2.227604124568101,661
2018,11,22.0,4.328961,4.0,4.328961,2146830,0.7050047201300066,1.9889156669235175,718
2018,12,22.0,4.3203607,4.0,4.3203607,2120861,0.9124904044106147,2.3433716655136734,718
2019,1,22.0,4.3267746,4.0,4.3267746,2141049,0.6651782624528214,1.9104469073941057,666
2019,2,22.0,4.32153,4.0,4.32153,2124314,0.4868148318649431,1.2825130996824152,654
2019,3,22.0,4.326073,4.0,4.326073,2139981,0.7603352975669815,2.0949292898806657,652
2019,4,22.0,4.3303523,4.0,4.3303523,2138649,0.8896096107787186,2.3600636000698225,677
2019,5,22.0,4.3353996,4.0,4.3353996,2148671,0.8552742934743309,2.2922269002069586,628
2019,6,22.0,4.338884,4.0,4.338884,2162290,0.6827224924309042,1.9082040169368475,663
2019,7,22.0,4.3367567,4.0,4.3367567,2155375,0.7473648209088699,2.045176727901081,681
2019,8,22.0,4.3383045,4.0,4.3383045,2164414,0.7399596262412956,2.050380928260096,658
2019,9,22.0,4.33437,4.0,4.33437,2149521,0.8108494230417105,2.1069930641526313,624
2019,10,22.0,4.3377285,4.0,4.3377285,2156233,0.6955959938510001,1.9454630718457158,679
2019,11,22.0,4.3358884,4.0,4.3358884,2143661,0.826998677149017,2.1885811990474946,674
2019,12,22.0,4.334206,4.0,4.334206,2142749,0.7478367050871232,2.031104032266061,719
2020,1,22.0,4.3396587,4.0,4.3396587,2146376,0.9865069666971686,2.3089995234985694,655
2020,2,22.0,4.3377013,4.0,4.3377013,2148121,0.9331051986476354,2.182926869373976,700
2020,3,22.0,4.3385577,4.0,4.3385577,2147002,1.0626680286634977,2.36190752781575,721
2020,4,22.0,4.341817,4.0,4.341817,2158209,0.8447805761589086,2.13576484953182,659
2020,5,22.0,4.344631,4.0,4.344631,2158623,0.9294174650727004,2.2405587830069083,667
2020,6,22.0,4.3396964,4.0,4.3396964,2150152,0.7919301808918492,2.1093308423119925,627
2020,7,22.0,4.339637,4.0,4.339637,2160734,0.7799416504568715,2.0918290486696365,691
2020,8,22.0,4.339721,4.0,4.339721,2165501,0.8065790588067957,2.2159805013880542,687
2020,9,22.0,4.339698,4.0,4.339698,2164411,0.639694054548834,1.7798853005331057,662
2020,10,22.0,4.33947,4.0,4.33947,2159329,0.7429666779066236,1.982550181755006,669
2020,11,22.0,4.3396354,4.0,4.3396354,2156878,0.8467887623596192,2.1792033731670095,700
2020,12,22.0,4.3351192,4.0,4.3351192,2145029,0.7417188790324131,1.978742260349774,686
2021,1,22.0,4.3387494,4.0,4.3387494,2156663,0.6518371189790614,1.8582137466141182,680
2021,2,22.0,4.3371277,4.0,4.3371277,2144845,0.8318222139935161,2.0478815611400094,688
2021,3,22.0,4.3367176,4.0,4.3367176,2153408,0.7549213896441312,1.9436455423386352,652
2021,4,22.0,4.332425,4.0,4.332425,2145899,0.8914643489160379,2.398692253571282,659
2021,5,22.0,4.340505,4.0,4.340505,2165077,0.8567716981148829,2.0846017557016903,653
2021,6,22.0,4.336956,4.0,4.336956,2162344,0.9895574695985546,2.3180473159699355,699
2021,7,22.0,4.3364573,4.0,4.3364573,2164141,0.7263140062890199,2.040368803247737,687
2021,8,22.0,4.3386116,4.0,4.3386116,2164578,0.8490478401064498,2.1619789961843714,638
2021,9,22.0,4.337063,4.0,4.337063,2156325,0.7758445823416222,2.0692751921317525,693
2021,10,22.0,4.3381896,4.0,4.3381896,2161989,0.7773695411398719,2.0843764752699867,673
2021,11,22.0,4.3372955,4.0,4.3372955,2150250,0.7156946716082537,1.9706834662616057,675
2021,12,22.0,4.3379216,4.0,4.3379216,2152359,0.8532044439811928,2.298381415337791,692
2022,1,22.0,4.3274612,4.0,4.3274612,2133182,0.6872508825594492,1.8878420423283928,685
2022,2,22.0,4.3319883,4.0,4.3319883,2148213,0.9077425224190327,2.4047312903201474,670
2022,3,22.0,4.3252287,4.0,4.3252287,2129714,0.9073311356244447,2.380862803249997,677
2022,4,22.0,4.331954,4.0,4.331954,2150209,0.7387135276068356,2.0103912989256516,683
2022,5,22.0,4.331133,4.0,4.331133,2143279,0.6979494382349277,1.9553837146674478,682
2022,6,22.0,4.3320827,4.0,4.3320827,2159624,0.7231195339544033,1.963439346111339,615
2022,7,22.0,4.276205,4.0,4.276205,2097481,0.8602140294769665,2.2264166895380884,648
2022,8,22.0,4.3340073,4.0,4.3340073,2159141,0.6923635987894345,1.903513950101529,643
2022,9,22.0,4.329376,4.0,4.329376,2151383,0.7110062964669109,2.024098005839526,685
2022,10,22.0,4.330769,4.0,4.330769,2142266,0.7492509367649927,2.0280486477496185,661
2022,11,22.0,4.3294487,4.0,4.3294487,2146763,0.9170455474160983,2.3425566103096265,661
2022,12,22.0,4.327764,4.0,4.327764,2137551,0.8932238516590814,2.198587846968543,704
2023,1,22.0,4.3283362,4.0,4.3283362,2100467,0.7200618380581376,1.9756828263013118,685
2023,2,22.0,4.338404,4.0,4.338404,2119969,0.8072286410074749,2.0460651903684672,668
2023,3,22.0,4.3386564,4.0,4.3386564,2120756,0.6863845985558382,1.880552544015108,628
2023,4,22.0,4.336495,4.0,4.336495,2109509,0.7958546938043466,2.1051192442501847,699
2023,5,22.0,4.335326,4.0,4.335326,2117704,0.6745336890978099,1.7174457793565447,661
2023,6,22.0,4.3397355,4.0,4.3397355,2131665,0.7692391297946012,2.0730059827615674,685
2023,7,22.0,4.3371134,4.0,4.3371134,2141319,0.8339296949603533,2.145133888042474,677
2023,8,22.0,4.3411484,4.0,4.3411484,2156791,0.7274208326041255,1.956386312479903,671
2023,9,22.0,4.3413463,4.0,4.3413463,2153467,0.8362055319081182,2.156024823793871,690
2023,10,22.0,4.340947,4.0,4.340947,2153530,0.6773570596746807,1.9814608059548389,662
2023,11,22.0,4.335952,4.0,4.335952,2135679,0.7768574484320963,2.0135412497223317,628
2023,12,22.0,4.335716,4.0,4.335716,2143198,0.6902812242974176,1.935385641577833,675
2024,1,22.0,4.225138,4.0,4.225138,2001600,0.6672002671410056,1.8842279422548245,680
2024,2,22.0,4.323214,4.0,4.323214,2129948,0.5676465776709492,1.5810283518420136,674
2024,3,22.0,4.320502,4.0,4.320502,2118667,0.8136831907728698,2.1377537413917334,652
2024,4,22.0,4.33097,4.0,4.33097,2135989,0.7453952076636667,1.991139090800134,686
2024,5,22.0,4.330939,4.0,4.330939,2145317,0.9663042298647332,2.179723437000274,713
2024,6,22.0,4.3301463,4.0,4.3301463,2155395,0.7582342047725164,2.027214742980391,705
2024,7,22.0,4.2208753,4.0,4.2208753,2035106,0.6355643061919746,1.7700464617940486,653
2024,8,22.0,4.3350205,4.0,4.3350205,2159529,0.7071318558312896,1.9876831177867897,665
2024,9,22.0,4.3314204,4.0,4.3314204,2144499,0.5912587074269144,1.7843167339656714,717
2024,10,22.0,4.329937,4.0,4.329937,2139036,0.6577657114454537,1.8612016894971528,726
2024,11,22.0,4.329489,4.0,4.329489,2140733,0.6374548511365905,1.7030062331104554,685
2024,12,22.0,4.3286614,4.0,4.3286614,2137503,0.7667932513854424,2.058613384966301,658
