Year,Month,Q_m3s,Qs_kgm3
1991,1,4950,0.080290323
1991,2,5060.714286,0.064821429
1991,3,4223.225806,0.059483871
1991,4,5620.666667,0.173033333
1991,5,9794.516129,0.336612903
1991,6,16560,1.120333333
1991,7,26909.67742,1.854193548
1991,8,29154.83871,1.84
1991,9,19776.66667,1.263666667
1991,10,15096.77419,0.8
1991,11,8716.666667,0.333333333
1991,12,6007.419355,0.135806452
1992,1,4895.806452,0.098774194
1992,2,4393.103448,0.070965517
1992,3,6432.258065,0.130096774
1992,4,10020.66667,0.272333333
1992,5,15850.96774,0.618709677
1992,6,18980,0.845666667
1992,7,25880.64516,1.373225806
1992,8,17680.64516,1.15
1992,9,13873.33333,0.659666667
1992,10,15358.06452,0.588709677
1992,11,8069.333333,0.219333333
1992,12,4779.032258,0.083677419
1993,1,4324.193548,0.070903226
1993,2,4585.357143,0.132964286
1993,3,5426.129032,0.161967742
1993,4,6577,0.1175
1993,5,10419.35484,0.335548387
1993,6,10723.66667,0.445333333
1993,7,22616.12903,1.507096774
1993,8,33174.19355,1.650967742
1993,9,27776.66667,1.23
1993,10,16909.67742,0.565483871
1993,11,11858.66667,0.452666667
1993,12,7028.387097,0.143645161
1994,1,4788.064516,0.053483871
1994,2,3927.857143,0.03725
1994,3,4676.774194,0.031290323
1994,4,7905,0.1296
1994,5,9180.967742,0.238935484
1994,6,16375,0.805333333
1994,7,18635.48387,1.100645161
1994,8,11164.51613,0.564193548
1994,9,16970,0.98
1994,10,16335.48387,0.56516129
1994,11,9245.333333,0.21
1994,12,7705.806452,0.096580645
1995,1,5744.193548,0.114935484
1995,2,4808.214286,0.064571429
1995,3,5161.935484,0.077903226
1995,4,6294.333333,0.065366667
1995,5,9072.580645,0.152258065
1995,6,19333.33333,1.090333333
1995,7,26303.22581,1.252903226
1995,8,22903.22581,1.537419355
1995,9,18066.66667,1.003333333
1995,10,16980.64516,0.623870968
1995,11,9233.333333,0.211333333
1995,12,6394.83871,0.100677419
1996,1,4969.032258,0.080064516
1996,2,4262.413793,0.061172414
1996,3,4487.096774,0.07283871
1996,4,6785.333333,0.1262
1996,5,11689.03226,0.359354839
1996,6,17766.66667,0.676666667
1996,7,30303.22581,1.42483871
1996,8,21877.41935,1.202258065
1996,9,16096.66667,0.615666667
1996,10,12260.32258,0.332258065
1996,11,12001.66667,0.429333333
1996,12,5625.16129,0.097064516
1997,1,4230.967742,0.053354839
1997,2,4182.5,0.04125
1997,3,5475.806452,0.063806452
1997,4,7998,0.106233333
1997,5,11036.77419,0.351806452
1997,6,14864.66667,0.741
1997,7,28464.51613,1.772258065
1997,8,16206.45161,1.183870968
1997,9,12179.66667,0.890333333
1997,10,13318.70968,0.786774194
1997,11,7029.333333,0.183166667
1997,12,5321.935484,0.07783871
1998,1,4576.774194,0.059870968
1998,2,3886.428571,0.062285714
1998,3,4276.774194,0.065032258
1998,4,5859.333333,0.158466667
1998,5,11284.51613,0.464935484
1998,6,14377,0.565233333
1998,7,38729.03226,2.159354839
1998,8,43712.90323,1.814516129
1998,9,25410,1.279033333
1998,10,13332.25806,0.656225806
1998,11,8225.666667,0.275466667
1998,12,5827.096774,0.147677419
1999,1,4991.612903,0.101387097
1999,2,4470.714286,0.043214286
1999,3,3715.483871,0.037774194
1999,4,5953.666667,0.313066667
1999,5,12172.58065,0.397612903
1999,6,17180,0.674466667
1999,7,36545.16129,1.457548387
1999,8,22870.96774,1.174096774
1999,9,23536.66667,1.203666667
1999,10,14538.70968,0.577032258
1999,11,12866.66667,0.402833333
1999,12,7561.612903,0.221774194
2000,1,5036.129032,0.129387097
2000,2,4830,0.107
2000,3,5939.032258,0.136483871
2000,4,7171.666667,0.131066667
2000,5,7623.870968,0.141129032
2000,6,19646.66667,1.101933333
2000,7,30770.96774,1.457032258
2000,8,22845.16129,1.072645161
2000,9,23103.33333,0.9666
2000,10,19941.93548,0.626193548
2000,11,10318.66667,0.248266667
2000,12,6839.677419,0.110903226
2001,1,5519.032258,0.075064516
2001,2,4810,0.065035714
2001,3,4746.774194,0.072774194
2001,4,6202.333333,0.1086
2001,5,9532.903226,0.158419355
2001,6,16920,0.554533333
2001,7,19112.90323,0.913129032
2001,8,20019.35484,1.351
2001,9,27016.66667,1.351866667
2001,10,17851.6129,0.677516129
2001,11,10902.66667,0.345133333
2001,12,6533.548387,0.128645161
2002,1,4840,0.109225806
2002,2,4611.785714,0.086357143
2002,3,6049.677419,0.117451613
2002,4,7490.333333,0.2048
2002,5,15164.51613,0.445935484
2002,6,21363.33333,0.7748
2002,7,18041.93548,0.728129032
2002,8,28603.22581,1.240096774
2002,9,12243.33333,0.4652
2002,10,10469.03226,0.422129032
2002,11,7729,0.162133333
2002,12,5247.096774,0.08883871
2003,1,4643.870968,0.075387097
2003,2,3840,0.066285714
2003,3,4457.741935,0.082225806
2003,4,6268,0.1808
2003,5,10308.06452,0.183645161
2003,6,14391.66667,0.242733333
2003,7,29180.64516,0.642451613
2003,8,20054.83871,0.264580645
2003,9,27483.33333,0.516166667
2003,10,13804.51613,0.147580645
2003,11,7858,0.076933333
2003,12,6407.419355,0.062032258
2004,1,4848.709677,0.054677419
2004,2,4692.068966,0.067172414
2004,3,5922.580645,0.113903226
2004,4,7586,0.123066667
2004,5,11432.58065,0.131677419
2004,6,19023.33333,0.2057
2004,7,20009.67742,0.252387097
2004,8,18090.32258,0.195354839
2004,9,24223.33333,0.529133333
2004,10,15119.35484,0.140032258
2004,11,10138.66667,0.074266667
2004,12,6845.806452,0.054774194
2005,1,5639.354839,0.037096774
2005,2,4930.714286,0.039928571
2005,3,6005.483871,0.046483871
2005,4,7672,0.078466667
2005,5,12316.45161,0.093645161
2005,6,16260,0.133866667
2005,7,24790.32258,0.510032258
2005,8,30048.3871,0.658774194
2005,9,19690,0.314166667
2005,10,16277.41935,0.150354839
2005,11,9670.666667,0.060466667
2005,12,6093.548387,0.040741935
2006,1,5277.419355,0.054419355
2006,2,5180.357143,0.043535714
2006,3,6825.483871,0.059225806
2006,4,6726,0.067366667
2006,5,10367.41935,0.077709677
2006,6,12260.33333,0.080033333
2006,7,17041.93548,0.224451613
2006,8,9442.258065,0.049225806
2006,9,10713.66667,0.058366667
2006,10,9575.806452,0.042258065
2006,11,6981.333333,0.0284
2006,12,5646.774194,0.033580645
2007,1,4698.709677,0.052322581
2007,2,4910.357143,0.047464286
2007,3,5258.387097,0.042677419
2007,4,6983.666667,0.065766667
2007,5,8893.870968,0.059548387
2007,6,16957,0.1475
2007,7,27300,0.313774194
2007,8,21477.41935,0.321548387
2007,9,21666.66667,0.199633333
2007,10,11435.48387,0.030741935
2007,11,8033,0.023233333
2007,12,5340,0.015709677
2008,1,5075.16129,0.013032258
2008,2,4934.827586,0.015448276
2008,3,5595.16129,0.021580645
2008,4,9379.333333,0.0421
2008,5,11217.41935,0.047612903
2008,6,14320,0.058466667
2008,7,19983.87097,0.175129032
2008,8,24141.93548,0.293548387
2008,9,22413.33333,0.174866667
2008,10,11203.54839,0.031354839
2008,11,13146,0.026666667
2008,12,6492.903226,0.019032258
2009,1,5885.483871,0.019290323
2009,2,6504.285714,0.038785714
2009,3,6330.967742,0.031935484
2009,4,8159.333333,0.0374
2009,5,13819.35484,0.075741935
2009,6,13893.33333,0.057266667
2009,7,21261.29032,0.191516129
2009,8,26287.09677,0.370548387
2009,9,15746.66667,0.075166667
2009,10,8835.806452,0.022
2009,11,7066,0.014433333
2009,12,5897.419355,0.019096774
2010,1,5937.096774,0.031322581
2010,2,5988.928571,0.036964286
2010,3,5943.548387,0.032645161
2010,4,6225.666667,0.034666667
2010,5,11280.96774,0.051709677
2010,6,15956.66667,0.056833333
2010,7,26796.77419,0.288935484
2010,8,21890.32258,0.192032258
2010,9,19943.33333,0.1067
2010,10,10289.35484,0.023935484
2010,11,8361.666667,0.017933333
2010,12,6191.290323,0.013741935
2011,1,7488.709677,0.027709677
2011,2,6476.428571,0.019714286
2011,3,7059.354839,0.019258065
2011,4,8204.666667,0.029966667
2011,5,9325.806452,0.025419355
2011,6,15110,0.056766667
2011,7,17706.45161,0.101032258
2011,8,17287.09677,0.095677419
2011,9,12292.66667,0.035666667
2011,10,8526.774194,0.022322581
2011,11,11142.33333,0.0333
2011,12,6420.967742,0.022483871
2012,1,6519.677419,0.022903226
2012,2,6485.862069,0.02562069
2012,3,6278.709677,0.030870968
2012,4,6798.333333,0.025133333
2012,5,14311.29032,0.054774194
2012,6,15696.66667,0.049066667
2012,7,32116.12903,0.389548387
2012,8,23106.45161,0.209580645
2012,9,18773.33333,0.0844
2012,10,14067.74194,0.035032258
2012,11,8949,0.034366667
2012,12,6642.580645,0.029903226
2013,1,6709.677419,0.023709677
2013,2,6497.5,0.023321429
2013,3,6414.193548,0.019645161
2013,4,7176.333333,0.026866667
2013,5,12295.80645,0.051806452
2013,6,16213.33333,0.0604
2013,7,24670.96774,0.381774194
2013,8,18803.22581,0.083870968
2013,9,14156.66667,0.031633333
2013,10,8254.83871,0.015741935
2013,11,6893.333333,0.0159
2013,12,6069.032258,0.017387097
2014,1,6765.483871,0.016064516
2014,2,6568.928571,0.024428571
2014,3,6250,0.023645161
2014,4,9502,0.043233333
2014,5,12309.67742,0.031709677
2014,6,14743.33333,0.041066667
2014,7,22719.35484,0.116612903
2014,8,20690.32258,0.065451613
2014,9,26243.33333,0.136866667
2014,10,13433.22581,0.023709677
2014,11,9674.666667,0.026966667
2014,12,7615.16129,0.020225806
2015,1,6504.516129,0.016096774
2015,2,6552.5,0.015035714
2015,3,8047.419355,0.021677419
2015,4,10223,0.039533333
2015,5,12277.41935,0.028677419
2015,6,15546,0.0437
2015,7,18177.41935,0.067870968
2015,8,14854.83871,0.035258065
2015,9,18173.33333,0.0543
2015,10,12476.77419,0.025677419
2015,11,8802.666667,0.016666667
2015,12,6799.354839,0.019967742
2016,1,7883.870968,0.020354839
2016,2,7281.724138,0.014517241
2016,3,8389.677419,0.017451613
2016,4,12330.33333,0.024166667
2016,5,15554.83871,0.024
2016,6,19106.66667,0.065533333
2016,7,23845.16129,0.123
2016,8,19116.12903,0.063645161
2016,9,10651,0.0231
2016,10,9449.354839,0.019741935
2016,11,10181,0.025233333
2016,12,7257.419355,0.015387097
2017,1,6621.935484,0.017419355
2017,2,6928.928571,0.02275
2017,3,8316.129032,0.018548387
2017,4,11050.33333,0.030266667
2017,5,14612.90323,0.041129032
2017,6,17260,0.0465
2017,7,19141.93548,0.052935484
2017,8,16751.6129,0.038548387
2017,9,17656.66667,0.050666667
2017,10,19745.16129,0.046419355
2017,11,10034,0.018133333
2017,12,7266.774194,0.014
2018,1,8172.258065,0.011870968
2018,2,7878.571429,0.01425
2018,3,7938.387097,0.013225806
2018,4,9679,0.031333333
2018,5,15677.41935,0.032903226
2018,6,15026.66667,0.038
2018,7,29990.32258,0.43183871
2018,8,23654.83871,0.106677419
2018,9,14590,0.026933333
2018,10,14129.35484,0.016096774
2018,11,10109,0.012233333
2018,12,7017.096774,0.011225806
2019,1,8611.935484,0.013806452
2019,2,7200.714286,0.014607143
2019,3,8227.419355,0.018645161
2019,4,10184.66667,0.0171
2019,5,14430.32258,0.028129032
2019,6,17073.33333,0.045966667
2019,7,21312.90323,0.070967742
2019,8,21845.16129,0.105129032
2019,9,14570,0.031466667
2019,10,13254.83871,0.027225806
2019,11,10017.33333,0.0187
2019,12,7167.741935,0.014258065
2020,1,8071.935484,0.012193548
2020,2,7108.62069,0.010862069
2020,3,9470.645161,0.011483871
2020,4,10018.66667,0.017533333
2020,5,10237.41935,0.017387097
2020,6,18983.33333,0.056266667
2020,7,30990.32258,0.144129032
2020,8,34106.45161,0.347290323
2020,9,22660,0.105833333
2020,10,17964.51613,0.015645161
2020,11,10571.66667,0.0083
2020,12,8130,0.008129032
2021,1,9342.16821,0.012841143
2021,2,6787.770062,0.015498326
2021,3,7631.365741,0.012774348
2021,4,11164.96914,0.01502215
2021,5,14415.27778,0.018471165
2021,6,13276.58179,0.02000709
2021,7,24597.2608,0.108337555
2021,8,21688.69599,0.052665292
2021,9,25293.09414,0.062490371
2021,10,17004.86111,0.023807871
2021,11,10699.34414,0.011322662
2021,12,7931.944444,0.008950125
2022,1,7100.304794,0.008068902
2022,2,7215.756904,0.0074586
2022,3,9062.990671,0.018389809
2022,4,11314.30683,0.014884056
2022,5,18876.42006,0.02078578
2022,6,17895.07712,0.029007823
2022,7,16278.74758,0.029328457
2022,8,12468.82793,0.015176736
2022,9,7908.469567,0.009659124
2022,10,8774.360395,0.013256743
2022,11,7042.578738,0.013065369
2022,12,7100.304794,0.009535976
2023,1,7271.669575,0.00685705
2023,2,6463.706289,0.007947944
2023,3,7120.176459,0.007639576
2023,4,6867.687932,0.01056059
2023,5,10099.54108,0.01092141
2023,6,12523.43094,0.022320601
2023,7,13987.86439,0.021388054
2023,8,17724.69459,0.026938029
2023,9,13735.37586,0.01683094
2023,10,14694.83227,0.016348954
2023,11,9594.564023,0.007716641
2023,12,8685.605326,0.009567976
2024,1,7721.046824,0.00776699
2024,2,7346.238726,0.008163265
2024,3,7945.931683,0.013836478
2024,4,9595.087315,0.010416667
2024,5,13568.05316,0.011049724
2024,6,14317.66935,0.012565445
2024,7,27286.02955,0.088278388
2024,8,18440.55843,0.047154472
2024,9,9819.972174,0.010178117
2024,10,7571.123585,0.009240924
2024,11,7046.392247,0.007092199
2024,12,7346.238726,0.006802721
